transaction_id,account_id,date,amount,currency,type,channel
TN00001,ACN0005,2026-09-19,17138.12,EUR,Deposit,ATM
TN00002,ACN0170,2026-09-17,-5088.76,USD,Withdrawal,Mobile
TN00003,ACN0168,2026-09-16,1263.43,USD,Transfer,ATM
TN00004,ACN0038,2026-09-18,7447.03,USD,Transfer,Mobile
TN00005,ACN0036,2026-09-18,-1193.85,SAR,Withdrawal,Mobile
TN00006,ACN0311,2026-09-18,-2597.96,LBP,Withdrawal,ATM
TN00007,ACN0249,2026-09-21,-1868.43,USD,Withdrawal,ATM
TN00008,ACN0289,2026-09-22,6292,EUR,Transfer,Mobile
TN00009,ACN0110,2026-09-16,2878.67,SAR,Transfer,Mobile
TN00010,ACN0107,2026-09-18,-2874.61,USD,Withdrawal,ATM
TN00011,ACN0183,2026-09-17,13024.65,USD,Transfer,Online
TN00012,ACN0166,2026-09-17,-827.47,LBP,Withdrawal,Mobile
TN00013,ACN0123,2026-09-17,792.58,USD,Deposit,Mobile
TN00014,ACN0039,2026-09-16,5134.35,USD,Deposit,Mobile
TN00015,ACN0227,2026-09-20,5098.03,LBP,Transfer,ATM
TN00016,ACN0077,2026-09-16,-5899.6,EUR,Withdrawal,Online
TN00017,ACN0237,2026-09-21,2005.4,USD,Transfer,ATM
TN00018,ACN0288,2026-09-19,17335.72,USD,Deposit,Mobile
TN00019,ACN0263,2026-09-18,7232.47,EUR,Deposit,Mobile
TN00020,ACN0046,2026-09-18,6244.77,LBP,Transfer,ATM
TN00021,ACN0025,2026-09-19,-7738.76,USD,Withdrawal,Branch
TN00022,ACN0270,2026-09-17,4122.96,USD,Deposit,Mobile
TN00023,ACN0183,2026-09-22,-1134.16,USD,Withdrawal,Online
TN00024,ACN0222,2026-09-16,6847.49,EUR,Deposit,Mobile
TN00025,ACN0121,2026-09-22,-43.69,QAR,Fee,Mobile
TN00026,ACN0129,2026-09-17,-3758.43,EUR,Withdrawal,Online
TN00027,ACN0294,2026-09-20,-139.66,USD,Fee,Online
TN00028,ACN0112,2026-09-21,19399.19,LBP,Deposit,Online
TN00029,ACN0131,2026-09-16,4334.43,USD,Deposit,Mobile
TN00030,ACN0094,2026-09-17,1572.79,USD,Transfer,ATM
TN00031,ACN0209,2026-09-18,2356.45,USD,Transfer,Mobile
TN00032,ACN0280,2026-09-22,11691.09,LBP,Transfer,Branch
TN00033,ACN0082,2026-09-21,9243.17,LBP,Deposit,Mobile
TN00034,ACN0053,2026-09-19,7572.43,LBP,Transfer,Mobile
TN00035,ACN0076,2026-09-22,9113.71,USD,Deposit,ATM
TN00036,ACN0036,2026-09-20,-61.68,SAR,Fee,Mobile
TN00037,ACN0265,2026-09-16,-98.86,USD,Fee,ATM
TN00038,ACN0003,2026-09-20,4748.79,USD,Transfer,ATM
TN00039,ACN0144,2026-09-22,-38.38,USD,Fee,ATM
TN00040,ACN0094,2026-09-19,-4.8,USD,Fee,Mobile
TN00041,ACN0144,2026-09-19,7355.07,USD,Transfer,ATM
TN00042,ACN0294,2026-09-19,11779.12,USD,Deposit,Online
TN00043,ACN0058,2026-09-22,-7828.21,LBP,Withdrawal,Mobile
TN00044,ACN0303,2026-09-22,-2730.83,USD,Withdrawal,ATM
TN00045,ACN0075,2026-09-17,-7298.06,USD,Withdrawal,Branch
TN00046,ACN0105,2026-09-21,-142.99,LBP,Fee,Branch
TN00047,ACN0044,2026-09-19,-1329.35,SAR,Withdrawal,Mobile
TN00048,ACN0007,2026-09-17,2419.37,EUR,Deposit,Branch
TN00049,ACN0281,2026-09-19,638.63,USD,Transfer,Branch
TN00050,ACN0105,2026-09-21,-1249.01,LBP,Withdrawal,ATM
TN00051,ACN0083,2026-09-18,11858.12,USD,Deposit,Branch
TN00052,ACN0232,2026-09-22,5695.6,SAR,Deposit,Mobile
TN00053,ACN0281,2026-09-19,3050.83,USD,Deposit,ATM
TN00054,ACN0075,2026-09-19,19864.41,USD,Deposit,Mobile
TN00055,ACN0007,2026-09-16,6469.89,EUR,Deposit,ATM
TN00056,ACN0175,2026-09-21,-3002.77,USD,Withdrawal,ATM
TN00057,ACN0308,2026-09-16,19783.79,SAR,Deposit,Online
TN00058,ACN0220,2026-09-20,-103.95,EUR,Fee,ATM
TN00059,ACN0061,2026-09-20,1221.62,USD,Deposit,ATM
TN00060,ACN0115,2026-09-17,13192.52,QAR,Deposit,ATM
TN00061,ACN0149,2026-09-19,17064.77,QAR,Deposit,Branch
TN00062,ACN0194,2026-09-20,18015.99,LBP,Deposit,Mobile
TN00063,ACN0110,2026-09-22,-54.74,SAR,Fee,Online
TN00064,ACN0206,2026-09-22,7068.93,USD,Transfer,ATM
TN00065,ACN0026,2026-09-17,15831.92,EUR,Deposit,Mobile
TN00066,ACN0102,2026-09-18,9432.91,LBP,Deposit,ATM
TN00067,ACN0110,2026-09-16,5943.91,SAR,Transfer,Mobile
TN00068,ACN0039,2026-09-19,6577.99,USD,Deposit,Mobile
TN00069,ACN0162,2026-09-20,7271.43,USD,Deposit,Mobile
TN00070,ACN0068,2026-09-22,-136.92,USD,Fee,Mobile
TN00071,ACN0222,2026-09-16,7555.75,EUR,Deposit,Online
TN00072,ACN0150,2026-09-21,186.22,USD,Transfer,ATM
TN00073,ACN0113,2026-09-19,7630.08,SAR,Deposit,Mobile
TN00074,ACN0129,2026-09-17,-42.38,EUR,Fee,Branch
TN00075,ACN0161,2026-09-20,11012.18,QAR,Transfer,ATM
TN00076,ACN0256,2026-09-22,3667.54,USD,Deposit,Mobile
TN00077,ACN0224,2026-09-19,5498.96,USD,Deposit,ATM
TN00078,ACN0221,2026-09-22,-706.49,USD,Withdrawal,Mobile
TN00079,ACN0278,2026-09-16,-1262.29,USD,Withdrawal,Online
TN00080,ACN0172,2026-09-19,-3610.89,EUR,Withdrawal,Mobile
TN00081,ACN0187,2026-09-20,4016.2,USD,Transfer,ATM
TN00082,ACN0261,2026-09-20,10786.98,USD,Deposit,ATM
TN00083,ACN0108,2026-09-16,1409.65,USD,Transfer,Online
TN00084,ACN0081,2026-09-20,-2787.99,QAR,Withdrawal,ATM
TN00085,ACN0110,2026-09-22,-2263.75,SAR,Withdrawal,ATM
TN00086,ACN0277,2026-09-19,1396.7,USD,Transfer,Online
TN00087,ACN0104,2026-09-20,-2270.96,USD,Withdrawal,Online
TN00088,ACN0129,2026-09-22,12938.27,EUR,Deposit,Mobile
TN00089,ACN0183,2026-09-17,10114.88,USD,Transfer,Online
TN00090,ACN0202,2026-09-20,18546.52,SAR,Deposit,Mobile
TN00091,ACN0019,2026-09-16,5665,USD,Deposit,Online
TN00092,ACN0259,2026-09-22,9905.58,LBP,Deposit,ATM
TN00093,ACN0217,2026-09-19,11965.7,USD,Deposit,ATM
TN00094,ACN0212,2026-09-21,10816.84,LBP,Deposit,Online
TN00095,ACN0146,2026-09-18,17400.85,EUR,Deposit,Mobile
TN00096,ACN0116,2026-09-17,4013.53,USD,Deposit,Mobile
TN00097,ACN0114,2026-09-16,-3847.78,USD,Withdrawal,Mobile
TN00098,ACN0177,2026-09-19,2357.18,USD,Deposit,Mobile
TN00099,ACN0230,2026-09-19,19894.33,SAR,Deposit,Branch
TN00100,ACN0280,2026-09-21,11170.44,LBP,Transfer,Online
TN00101,ACN0208,2026-09-19,17063.91,USD,Deposit,Online
TN00102,ACN0004,2026-09-20,2521.86,USD,Transfer,Branch
TN00103,ACN0046,2026-09-21,6475.72,LBP,Deposit,Mobile
TN00104,ACN0163,2026-09-19,18957.17,USD,Deposit,Mobile
TN00105,ACN0195,2026-09-22,-7656.2,USD,Withdrawal,Mobile
TN00106,ACN0174,2026-09-20,-4891.13,USD,Withdrawal,Mobile
TN00107,ACN0104,2026-09-19,-286.28,USD,Withdrawal,Branch
TN00108,ACN0013,2026-09-16,-8.67,LBP,Fee,Online
TN00109,ACN0283,2026-09-22,19557.91,QAR,Deposit,Online
TN00110,ACN0150,2026-09-19,14082.84,USD,Transfer,Online
TN00111,ACN0213,2026-09-21,3371.62,USD,Deposit,Online
TN00112,ACN0099,2026-09-17,7160.72,USD,Transfer,Online
TN00113,ACN0135,2026-09-17,8464.42,USD,Transfer,ATM
TN00114,ACN0253,2026-09-18,1751.19,USD,Deposit,Mobile
TN00115,ACN0014,2026-09-18,-62.65,USD,Fee,Mobile
TN00116,ACN0285,2026-09-22,5656.62,QAR,Transfer,Mobile
TN00117,ACN0184,2026-09-22,12727.84,SAR,Transfer,Mobile
TN00118,ACN0018,2026-09-19,-9.95,QAR,Fee,Online
TN00119,ACN0070,2026-09-18,9848.77,USD,Transfer,Branch
TN00120,ACN0161,2026-09-18,2849.07,QAR,Deposit,Branch
TN00121,ACN0046,2026-09-19,11914.14,LBP,Deposit,Mobile
TN00122,ACN0113,2026-09-20,-3746.08,SAR,Withdrawal,Mobile
TN00123,ACN0025,2026-09-17,2052.22,USD,Deposit,Mobile
TN00124,ACN0043,2026-09-19,-2391.24,SAR,Withdrawal,Online
TN00125,ACN0222,2026-09-17,-41.41,EUR,Fee,Online
TN00126,ACN0077,2026-09-17,-7627.31,EUR,Withdrawal,Online
TN00127,ACN0293,2026-09-18,-6533.47,SAR,Withdrawal,Online
TN00128,ACN0238,2026-09-21,-430.98,QAR,Withdrawal,Mobile
TN00129,ACN0058,2026-09-21,10219.27,LBP,Transfer,Branch
TN00130,ACN0229,2026-09-22,8776.57,SAR,Transfer,Online
TN00131,ACN0263,2026-09-19,-1275.89,EUR,Withdrawal,Mobile
TN00132,ACN0172,2026-09-20,13687.88,EUR,Transfer,Mobile
TN00133,ACN0105,2026-09-17,17014.05,LBP,Deposit,Online
TN00134,ACN0037,2026-09-22,14821.26,USD,Deposit,ATM
TN00135,ACN0241,2026-09-19,-610.4,LBP,Withdrawal,Mobile
TN00136,ACN0283,2026-09-17,19177.89,QAR,Deposit,Branch
TN00137,ACN0075,2026-09-20,13407.18,USD,Deposit,Branch
TN00138,ACN0132,2026-09-21,-4591.26,LBP,Withdrawal,Mobile
TN00139,ACN0115,2026-09-22,-3098.54,QAR,Withdrawal,Mobile
TN00140,ACN0005,2026-09-21,-7370.4,EUR,Withdrawal,ATM
TN00141,ACN0041,2026-09-22,-7231.81,SAR,Withdrawal,ATM
TN00142,ACN0207,2026-09-16,14428.8,USD,Transfer,Mobile
TN00143,ACN0288,2026-09-22,18730.32,USD,Deposit,Online
TN00144,ACN0110,2026-09-17,12898.88,SAR,Transfer,ATM
TN00145,ACN0301,2026-09-21,-1877.01,EUR,Withdrawal,ATM
TN00146,ACN0073,2026-09-18,999.46,SAR,Transfer,Branch
TN00147,ACN0121,2026-09-20,-2075.89,QAR,Withdrawal,ATM
TN00148,ACN0238,2026-09-19,-3609.05,QAR,Withdrawal,Online
TN00149,ACN0280,2026-09-20,7119.06,LBP,Deposit,Branch
TN00150,ACN0265,2026-09-19,-2416.13,USD,Withdrawal,ATM
TN00151,ACN0078,2026-09-20,13378.27,QAR,Transfer,ATM
TN00152,ACN0192,2026-09-16,-2178.84,USD,Withdrawal,Branch
TN00153,ACN0266,2026-09-17,6060.37,LBP,Transfer,Mobile
TN00154,ACN0142,2026-09-22,-18.38,EUR,Fee,ATM
TN00155,ACN0057,2026-09-17,-3158.66,QAR,Withdrawal,Mobile
TN00156,ACN0050,2026-09-17,13876.26,USD,Transfer,Mobile
TN00157,ACN0301,2026-09-20,18529.04,EUR,Deposit,ATM
TN00158,ACN0302,2026-09-16,-6241.59,QAR,Withdrawal,Mobile
TN00159,ACN0161,2026-09-22,17678.72,QAR,Deposit,Branch
TN00160,ACN0085,2026-09-17,5829.73,SAR,Transfer,Mobile
TN00161,ACN0286,2026-09-21,-2.54,USD,Fee,Mobile
TN00162,ACN0248,2026-09-18,-3256.33,USD,Withdrawal,Mobile
TN00163,ACN0180,2026-09-17,10211.74,LBP,Deposit,Mobile
TN00164,ACN0184,2026-09-19,10946.52,SAR,Transfer,Online
TN00165,ACN0211,2026-09-19,13296.72,USD,Transfer,Branch
TN00166,ACN0234,2026-09-21,-7407.26,EUR,Withdrawal,Mobile
TN00167,ACN0044,2026-09-19,17238.46,SAR,Deposit,ATM
TN00168,ACN0168,2026-09-16,5165.24,USD,Transfer,Mobile
TN00169,ACN0118,2026-09-21,-71.41,USD,Fee,ATM
TN00170,ACN0107,2026-09-18,8763.54,USD,Deposit,Branch
TN00171,ACN0287,2026-09-17,1599.89,SAR,Transfer,Online
TN00172,ACN0286,2026-09-17,1651.75,USD,Deposit,ATM
TN00173,ACN0090,2026-09-17,-44.61,USD,Fee,Mobile
TN00174,ACN0135,2026-09-18,-2354.86,USD,Withdrawal,ATM
TN00175,ACN0045,2026-09-22,10549.63,LBP,Deposit,Mobile
TN00176,ACN0148,2026-09-21,13521.86,USD,Deposit,ATM
TN00177,ACN0040,2026-09-17,-25.76,USD,Withdrawal,Online
TN00178,ACN0222,2026-09-17,13032.61,EUR,Transfer,ATM
TN00179,ACN0081,2026-09-20,14924.94,QAR,Deposit,Mobile
TN00180,ACN0292,2026-09-22,13414.89,USD,Deposit,Branch
TN00181,ACN0071,2026-09-16,-94.93,USD,Fee,Mobile
TN00182,ACN0144,2026-09-21,-76.6,USD,Fee,Mobile
TN00183,ACN0271,2026-09-16,9868.29,USD,Deposit,ATM
TN00184,ACN0178,2026-09-17,-7763.38,USD,Withdrawal,Mobile
TN00185,ACN0304,2026-09-21,3629.56,LBP,Deposit,Mobile
TN00186,ACN0181,2026-09-17,-7030.23,USD,Withdrawal,Online
TN00187,ACN0174,2026-09-22,-6908.25,USD,Withdrawal,Online
TN00188,ACN0101,2026-09-18,13006.45,USD,Transfer,ATM
TN00189,ACN0004,2026-09-18,-19.4,USD,Fee,Branch
TN00190,ACN0197,2026-09-19,-6664.84,LBP,Withdrawal,Online
TN00191,ACN0124,2026-09-18,1444.86,USD,Transfer,Branch
TN00192,ACN0309,2026-09-22,18632.76,SAR,Deposit,Mobile
TN00193,ACN0087,2026-09-20,-4746.73,EUR,Withdrawal,ATM
TN00194,ACN0263,2026-09-21,5329.65,EUR,Deposit,Mobile
TN00195,ACN0220,2026-09-18,7252.88,EUR,Transfer,Online
TN00196,ACN0296,2026-09-19,18415.81,LBP,Deposit,Mobile
TN00197,ACN0184,2026-09-17,2484.72,SAR,Deposit,ATM
TN00198,ACN0165,2026-09-19,-38.33,EUR,Fee,Mobile
TN00199,ACN0292,2026-09-22,-3038.45,USD,Withdrawal,ATM
TN00200,ACN0059,2026-09-19,-136.16,LBP,Withdrawal,ATM
TN00201,ACN0199,2026-09-19,12391.49,USD,Deposit,Mobile
TN00202,ACN0005,2026-09-22,5872.37,EUR,Transfer,Mobile
TN00203,ACN0143,2026-09-19,6355.24,USD,Transfer,Mobile
TN00204,ACN0062,2026-09-16,1206.24,USD,Deposit,Mobile
TN00205,ACN0131,2026-09-17,11550.62,USD,Deposit,Mobile
TN00206,ACN0060,2026-09-22,-4146.67,EUR,Withdrawal,ATM
TN00207,ACN0255,2026-09-19,5987.95,USD,Deposit,Online
TN00208,ACN0046,2026-09-21,8918.25,LBP,Transfer,Branch
TN00209,ACN0248,2026-09-17,-3084.49,USD,Withdrawal,Mobile
TN00210,ACN0215,2026-09-18,7855.74,LBP,Deposit,Mobile
TN00211,ACN0282,2026-09-19,-3532.08,USD,Withdrawal,Mobile
TN00212,ACN0122,2026-09-22,15771.84,USD,Deposit,Online
TN00213,ACN0279,2026-09-22,-1654.05,USD,Withdrawal,Online
TN00214,ACN0310,2026-09-20,4541.12,LBP,Transfer,Mobile
TN00215,ACN0196,2026-09-20,-2490.42,QAR,Withdrawal,Mobile
TN00216,ACN0253,2026-09-20,7872.19,USD,Deposit,Branch
TN00217,ACN0062,2026-09-21,-7844.63,USD,Withdrawal,Branch
TN00218,ACN0027,2026-09-19,-4459.01,EUR,Withdrawal,ATM
TN00219,ACN0109,2026-09-20,-31.92,LBP,Fee,Mobile
TN00220,ACN0126,2026-09-16,12115.54,USD,Deposit,Branch
TN00221,ACN0041,2026-09-16,5781.06,SAR,Deposit,Online
TN00222,ACN0081,2026-09-17,3029.29,QAR,Transfer,Online
TN00223,ACN0196,2026-09-17,-1753.99,QAR,Withdrawal,Online
TN00224,ACN0050,2026-09-21,-1855.6,USD,Withdrawal,Branch
TN00225,ACN0187,2026-09-17,-3197.08,USD,Withdrawal,Mobile
TN00226,ACN0186,2026-09-21,9626.37,USD,Deposit,Online
TN00227,ACN0170,2026-09-21,3888.53,USD,Deposit,Mobile
TN00228,ACN0141,2026-09-21,3723.99,USD,Deposit,Online
TN00229,ACN0101,2026-09-16,13608.24,USD,Transfer,Online
TN00230,ACN0285,2026-09-20,7884.06,QAR,Deposit,Branch
TN00231,ACN0273,2026-09-17,12310.52,USD,Deposit,Online
TN00232,ACN0274,2026-09-16,5367.98,QAR,Transfer,ATM
TN00233,ACN0091,2026-09-19,2893.87,USD,Deposit,Mobile
TN00234,ACN0087,2026-09-17,6360.01,EUR,Transfer,Online
TN00235,ACN0092,2026-09-19,-140.06,USD,Fee,Mobile
TN00236,ACN0014,2026-09-22,18070.11,USD,Deposit,Mobile
TN00237,ACN0281,2026-09-21,9135.77,USD,Deposit,Branch
TN00238,ACN0271,2026-09-17,11728.61,USD,Deposit,ATM
TN00239,ACN0251,2026-09-17,9134.68,USD,Transfer,ATM
TN00240,ACN0065,2026-09-17,14951.41,USD,Deposit,Online
TN00241,ACN0070,2026-09-16,5463.81,USD,Deposit,Branch
TN00242,ACN0055,2026-09-19,800.81,QAR,Transfer,Mobile
TN00243,ACN0169,2026-09-20,11702.62,USD,Deposit,ATM
TN00244,ACN0170,2026-09-16,-366.86,USD,Withdrawal,Mobile
TN00245,ACN0123,2026-09-22,2019.25,USD,Deposit,Mobile
TN00246,ACN0249,2026-09-16,7716.61,USD,Deposit,Branch
TN00247,ACN0160,2026-09-16,15158.5,SAR,Deposit,Online
TN00248,ACN0305,2026-09-21,-2922.14,USD,Withdrawal,Branch
TN00249,ACN0031,2026-09-21,8670.15,USD,Transfer,ATM
TN00250,ACN0238,2026-09-16,4000.74,QAR,Deposit,Online
TN00251,ACN0297,2026-09-22,10090.22,USD,Transfer,Online
TN00252,ACN0120,2026-09-18,-70.79,LBP,Fee,Online
TN00253,ACN0273,2026-09-16,6386.36,USD,Transfer,Mobile
TN00254,ACN0068,2026-09-22,-5176.43,USD,Withdrawal,Mobile
TN00255,ACN0094,2026-09-16,-1621.09,USD,Withdrawal,ATM
TN00256,ACN0310,2026-09-19,-4055.99,LBP,Withdrawal,Mobile
TN00257,ACN0195,2026-09-16,-5762.06,USD,Withdrawal,Online
TN00258,ACN0272,2026-09-21,2116.16,QAR,Deposit,ATM
TN00259,ACN0254,2026-09-17,15798.4,LBP,Deposit,ATM
TN00260,ACN0208,2026-09-21,-7095.22,USD,Withdrawal,Branch
TN00261,ACN0146,2026-09-21,-2650.84,EUR,Withdrawal,Online
TN00262,ACN0005,2026-09-19,5712.82,EUR,Deposit,ATM
TN00263,ACN0228,2026-09-19,-5076.27,USD,Withdrawal,ATM
TN00264,ACN0132,2026-09-16,10221.23,LBP,Transfer,Mobile
TN00265,ACN0028,2026-09-19,15416.59,USD,Deposit,Mobile
TN00266,ACN0274,2026-09-22,-142.83,QAR,Fee,Mobile
TN00267,ACN0227,2026-09-21,6313.84,LBP,Deposit,Mobile
TN00268,ACN0192,2026-09-18,9832,USD,Deposit,Mobile
TN00269,ACN0192,2026-09-18,13946.47,USD,Deposit,ATM
TN00270,ACN0208,2026-09-17,-632.33,USD,Withdrawal,Mobile
TN00271,ACN0051,2026-09-18,4263.13,USD,Transfer,Mobile
TN00272,ACN0203,2026-09-20,16929.83,USD,Deposit,Online
TN00273,ACN0197,2026-09-18,17761.54,LBP,Deposit,Mobile
TN00274,ACN0098,2026-09-19,-89.3,USD,Fee,ATM
TN00275,ACN0256,2026-09-16,8950.74,USD,Deposit,Mobile
TN00276,ACN0244,2026-09-20,-5000.79,USD,Withdrawal,ATM
TN00277,ACN0267,2026-09-16,14727.31,USD,Deposit,Branch
TN00278,ACN0134,2026-09-19,7226.97,USD,Transfer,Mobile
TN00279,ACN0124,2026-09-18,16570.09,USD,Deposit,Branch
TN00280,ACN0006,2026-09-18,19436.92,USD,Deposit,ATM
TN00281,ACN0254,2026-09-22,-2007.2,LBP,Withdrawal,Mobile
TN00282,ACN0125,2026-09-22,-737.71,USD,Withdrawal,Branch
TN00283,ACN0042,2026-09-21,-132.62,USD,Fee,Online
TN00284,ACN0112,2026-09-18,5978.73,LBP,Deposit,Mobile
TN00285,ACN0210,2026-09-20,5275.58,SAR,Transfer,Mobile
TN00286,ACN0181,2026-09-18,-7769.34,USD,Withdrawal,Mobile
TN00287,ACN0010,2026-09-16,17644.83,QAR,Deposit,Mobile
TN00288,ACN0274,2026-09-16,-255.67,QAR,Withdrawal,Branch
TN00289,ACN0272,2026-09-20,-1649.08,QAR,Withdrawal,Online
TN00290,ACN0035,2026-09-22,-1530.88,QAR,Withdrawal,Mobile
TN00291,ACN0193,2026-09-22,1199.81,USD,Transfer,ATM
TN00292,ACN0191,2026-09-16,12685.87,USD,Transfer,Online
TN00293,ACN0113,2026-09-22,3719.97,SAR,Deposit,Online
TN00294,ACN0220,2026-09-21,-2898.5,EUR,Withdrawal,Branch
TN00295,ACN0196,2026-09-20,17529.33,QAR,Deposit,Mobile
TN00296,ACN0015,2026-09-22,-7804.18,LBP,Withdrawal,Online
TN00297,ACN0114,2026-09-18,14996.88,USD,Deposit,Mobile
TN00298,ACN0265,2026-09-19,13304.59,USD,Transfer,Online
TN00299,ACN0150,2026-09-19,-7850.07,USD,Withdrawal,Branch
TN00300,ACN0229,2026-09-20,-7200.37,SAR,Withdrawal,ATM
TN00301,ACN0018,2026-09-16,2537.69,QAR,Deposit,Branch
TN00302,ACN0189,2026-09-17,11039.67,EUR,Transfer,Mobile
TN00303,ACN0020,2026-09-22,12113.01,USD,Transfer,Mobile
TN00304,ACN0254,2026-09-22,-7518.59,LBP,Withdrawal,Mobile
TN00305,ACN0097,2026-09-17,14523.83,QAR,Deposit,ATM
TN00306,ACN0171,2026-09-16,-6987.99,LBP,Withdrawal,Online
TN00307,ACN0254,2026-09-21,16027.95,LBP,Deposit,Mobile
TN00308,ACN0124,2026-09-17,-7695.33,USD,Withdrawal,Online
TN00309,ACN0229,2026-09-17,3001.79,SAR,Transfer,Mobile
TN00310,ACN0085,2026-09-19,5179.56,SAR,Deposit,Mobile
TN00311,ACN0184,2026-09-20,-2138.76,SAR,Withdrawal,Mobile
TN00312,ACN0163,2026-09-19,-2373.62,USD,Withdrawal,Mobile
TN00313,ACN0281,2026-09-16,6302.57,USD,Deposit,Mobile
TN00314,ACN0073,2026-09-20,10596.12,SAR,Transfer,Mobile
TN00315,ACN0223,2026-09-22,616.44,USD,Transfer,Mobile
TN00316,ACN0312,2026-09-18,-118.43,USD,Fee,ATM
TN00317,ACN0053,2026-09-16,2625.96,LBP,Deposit,Online
TN00318,ACN0094,2026-09-17,-391.52,USD,Withdrawal,ATM
TN00319,ACN0118,2026-09-19,9587.02,USD,Transfer,Branch
TN00320,ACN0259,2026-09-21,-6091.66,LBP,Withdrawal,Online
TN00321,ACN0081,2026-09-21,-6.72,QAR,Fee,Mobile
TN00322,ACN0137,2026-09-17,4236.9,EUR,Deposit,Online
TN00323,ACN0250,2026-09-16,-5054.42,EUR,Withdrawal,Branch
TN00324,ACN0106,2026-09-20,6783.2,USD,Transfer,Online
TN00325,ACN0057,2026-09-22,13062.66,QAR,Transfer,ATM
TN00326,ACN0232,2026-09-19,13299.55,SAR,Transfer,Mobile
TN00327,ACN0017,2026-09-16,5321.72,LBP,Transfer,Online
TN00328,ACN0065,2026-09-17,-7713.2,USD,Withdrawal,Mobile
TN00329,ACN0299,2026-09-19,13180.79,QAR,Transfer,Mobile
TN00330,ACN0081,2026-09-17,4017.11,QAR,Transfer,Mobile
TN00331,ACN0150,2026-09-22,-962.65,USD,Withdrawal,Mobile
TN00332,ACN0166,2026-09-16,-1972.84,LBP,Withdrawal,Mobile
TN00333,ACN0241,2026-09-20,-300.49,LBP,Withdrawal,Online
TN00334,ACN0116,2026-09-16,10340.52,USD,Deposit,Online
TN00335,ACN0035,2026-09-20,5606.05,QAR,Transfer,Mobile
TN00336,ACN0144,2026-09-17,-3720.57,USD,Withdrawal,Mobile
TN00337,ACN0066,2026-09-18,3493.76,USD,Transfer,Online
TN00338,ACN0058,2026-09-20,18953.8,LBP,Deposit,ATM
TN00339,ACN0103,2026-09-22,-108.27,USD,Fee,Online
TN00340,ACN0068,2026-09-16,-1718.39,USD,Withdrawal,Branch
TN00341,ACN0175,2026-09-16,4802.48,USD,Deposit,ATM
TN00342,ACN0035,2026-09-16,12981.54,QAR,Deposit,Online
TN00343,ACN0092,2026-09-20,-59.66,USD,Fee,Online
TN00344,ACN0280,2026-09-20,4773.56,LBP,Deposit,Mobile
TN00345,ACN0010,2026-09-21,12631.8,QAR,Deposit,Online
TN00346,ACN0056,2026-09-20,915.11,USD,Deposit,Mobile
TN00347,ACN0132,2026-09-18,18770.14,LBP,Deposit,Branch
TN00348,ACN0052,2026-09-22,16658.62,USD,Deposit,Mobile
TN00349,ACN0267,2026-09-21,5228.15,USD,Deposit,Mobile
TN00350,ACN0241,2026-09-22,12328.25,LBP,Deposit,Mobile
TN00351,ACN0150,2026-09-20,-3270.34,USD,Withdrawal,Mobile
TN00352,ACN0043,2026-09-18,-1799.28,SAR,Withdrawal,Mobile
TN00353,ACN0233,2026-09-22,-1619.87,QAR,Withdrawal,Mobile
TN00354,ACN0100,2026-09-20,8424.21,USD,Deposit,Mobile
TN00355,ACN0055,2026-09-20,5742.12,QAR,Transfer,Mobile
TN00356,ACN0169,2026-09-21,3346.8,USD,Deposit,Mobile
TN00357,ACN0167,2026-09-19,16947.62,SAR,Deposit,Mobile
TN00358,ACN0112,2026-09-22,9716.83,LBP,Deposit,Branch
TN00359,ACN0227,2026-09-18,15451.38,LBP,Deposit,Online
TN00360,ACN0107,2026-09-21,10880.55,USD,Transfer,Mobile
TN00361,ACN0102,2026-09-18,-5666.39,LBP,Withdrawal,Branch
TN00362,ACN0012,2026-09-16,-4874.45,LBP,Withdrawal,Mobile
TN00363,ACN0284,2026-09-16,8687.23,USD,Deposit,Branch
TN00364,ACN0294,2026-09-21,7522.8,USD,Transfer,Online
TN00365,ACN0291,2026-09-21,-32.64,LBP,Fee,Mobile
TN00366,ACN0188,2026-09-17,13258.4,LBP,Transfer,Mobile
TN00367,ACN0238,2026-09-17,-73.41,QAR,Fee,ATM
TN00368,ACN0151,2026-09-17,-3241.1,EUR,Withdrawal,Mobile
TN00369,ACN0088,2026-09-18,-2968.19,USD,Withdrawal,ATM
TN00370,ACN0172,2026-09-17,8061.84,EUR,Transfer,Mobile
TN00371,ACN0048,2026-09-19,122.39,SAR,Transfer,Branch
TN00372,ACN0154,2026-09-20,3291.63,QAR,Transfer,Online
TN00373,ACN0148,2026-09-20,-214.56,USD,Withdrawal,Online
TN00374,ACN0074,2026-09-16,-941.24,LBP,Withdrawal,Online
TN00375,ACN0133,2026-09-17,2816.15,USD,Transfer,Branch
TN00376,ACN0284,2026-09-22,-24.89,USD,Fee,Mobile
TN00377,ACN0022,2026-09-18,105.93,EUR,Transfer,Online
TN00378,ACN0254,2026-09-22,-3905.82,LBP,Withdrawal,ATM
TN00379,ACN0198,2026-09-16,13455.36,USD,Transfer,Online
TN00380,ACN0283,2026-09-21,12100.13,QAR,Transfer,Mobile
TN00381,ACN0310,2026-09-20,-1276.91,LBP,Withdrawal,Online
TN00382,ACN0233,2026-09-22,-107.69,QAR,Fee,Branch
TN00383,ACN0275,2026-09-21,-2404.36,LBP,Withdrawal,Mobile
TN00384,ACN0221,2026-09-16,-1966.62,USD,Withdrawal,Online
TN00385,ACN0299,2026-09-16,6294.06,QAR,Transfer,ATM
TN00386,ACN0218,2026-09-22,-5884.03,USD,Withdrawal,Mobile
TN00387,ACN0216,2026-09-21,-2795.12,USD,Withdrawal,ATM
TN00388,ACN0152,2026-09-22,17369.11,USD,Deposit,Online
TN00389,ACN0163,2026-09-21,-114.8,USD,Fee,ATM
TN00390,ACN0059,2026-09-20,848.62,LBP,Deposit,ATM
TN00391,ACN0199,2026-09-16,-2934.59,USD,Withdrawal,ATM
TN00392,ACN0188,2026-09-19,12781.19,LBP,Transfer,Branch
TN00393,ACN0083,2026-09-16,-5224.25,USD,Withdrawal,Mobile
TN00394,ACN0172,2026-09-19,2559.75,EUR,Deposit,Branch
TN00395,ACN0267,2026-09-20,-5410.72,USD,Withdrawal,Online
TN00396,ACN0209,2026-09-18,-128.27,USD,Fee,Mobile
TN00397,ACN0207,2026-09-16,-5062.12,USD,Withdrawal,ATM
TN00398,ACN0297,2026-09-19,-2890.57,USD,Withdrawal,Branch
TN00399,ACN0154,2026-09-20,1739.77,QAR,Transfer,Mobile
TN00400,ACN0169,2026-09-16,12957.89,USD,Deposit,ATM
TN00401,ACN0163,2026-09-22,13256.91,USD,Transfer,Mobile
TN00402,ACN0118,2026-09-17,-94.63,USD,Fee,Online
TN00403,ACN0239,2026-09-16,4399.6,USD,Transfer,Online
TN00404,ACN0302,2026-09-18,3493.64,QAR,Transfer,ATM
TN00405,ACN0041,2026-09-22,-75.98,SAR,Fee,Mobile
TN00406,ACN0181,2026-09-16,9215.98,USD,Deposit,Mobile
TN00407,ACN0132,2026-09-22,9305.47,LBP,Transfer,Mobile
TN00408,ACN0191,2026-09-20,-22.13,USD,Fee,Online
TN00409,ACN0011,2026-09-17,-3185.3,USD,Withdrawal,Online
TN00410,ACN0204,2026-09-20,6836.75,USD,Transfer,Online
TN00411,ACN0067,2026-09-19,13327.58,USD,Transfer,ATM
TN00412,ACN0113,2026-09-21,-2983.21,SAR,Withdrawal,Mobile
TN00413,ACN0293,2026-09-20,-71.6,SAR,Fee,ATM
TN00414,ACN0218,2026-09-21,14631.3,USD,Deposit,Branch
TN00415,ACN0041,2026-09-22,-3039.93,SAR,Withdrawal,Online
TN00416,ACN0018,2026-09-16,8640.84,QAR,Deposit,Online
TN00417,ACN0110,2026-09-17,-9.19,SAR,Fee,Mobile
TN00418,ACN0238,2026-09-22,-2474.3,QAR,Withdrawal,Online
TN00419,ACN0184,2026-09-16,-3693.28,SAR,Withdrawal,Online
TN00420,ACN0277,2026-09-19,13176.55,USD,Deposit,ATM
TN00421,ACN0252,2026-09-17,11764.39,QAR,Transfer,ATM
TN00422,ACN0265,2026-09-22,-4136.05,USD,Withdrawal,Online
TN00423,ACN0288,2026-09-17,1808.46,USD,Transfer,Mobile
TN00424,ACN0242,2026-09-21,-7494.03,USD,Withdrawal,Mobile
TN00425,ACN0284,2026-09-20,-6224.75,USD,Withdrawal,Branch
TN00426,ACN0298,2026-09-17,257.47,USD,Deposit,ATM
TN00427,ACN0303,2026-09-21,-127.84,USD,Fee,Online
TN00428,ACN0279,2026-09-16,-95.16,USD,Fee,Branch
TN00429,ACN0247,2026-09-17,-139.17,EUR,Fee,Online
TN00430,ACN0017,2026-09-22,9511.97,LBP,Deposit,Mobile
TN00431,ACN0041,2026-09-22,13307.71,SAR,Deposit,Mobile
TN00432,ACN0111,2026-09-21,-2257.05,EUR,Withdrawal,ATM
TN00433,ACN0277,2026-09-18,6852.16,USD,Transfer,Mobile
TN00434,ACN0075,2026-09-19,7087.94,USD,Deposit,Branch
TN00435,ACN0212,2026-09-20,-988.01,LBP,Withdrawal,ATM
TN00436,ACN0173,2026-09-19,11163.01,USD,Transfer,Mobile
TN00437,ACN0170,2026-09-16,5057.39,USD,Deposit,Branch
TN00438,ACN0168,2026-09-20,13669.41,USD,Transfer,ATM
TN00439,ACN0267,2026-09-19,3886.9,USD,Transfer,Mobile
TN00440,ACN0269,2026-09-20,-1371.58,LBP,Withdrawal,Online
TN00441,ACN0177,2026-09-21,18545.21,USD,Deposit,ATM
TN00442,ACN0288,2026-09-21,-4734.07,USD,Withdrawal,Mobile
TN00443,ACN0004,2026-09-16,-6139.63,USD,Withdrawal,Mobile
TN00444,ACN0026,2026-09-21,-4721.05,EUR,Withdrawal,Mobile
TN00445,ACN0195,2026-09-22,12718.32,USD,Deposit,Mobile
TN00446,ACN0147,2026-09-22,14810.2,USD,Deposit,Mobile
TN00447,ACN0018,2026-09-20,14256.84,QAR,Transfer,Mobile
TN00448,ACN0053,2026-09-20,-7617.69,LBP,Withdrawal,Online
TN00449,ACN0220,2026-09-18,2209.39,EUR,Transfer,Mobile
TN00450,ACN0080,2026-09-19,9824.27,USD,Deposit,Mobile
TN00451,ACN0150,2026-09-19,-48.92,USD,Fee,ATM
TN00452,ACN0008,2026-09-18,7027.11,QAR,Transfer,Mobile
TN00453,ACN0232,2026-09-17,-4209.05,SAR,Withdrawal,Mobile
TN00454,ACN0035,2026-09-21,14152.42,QAR,Deposit,Mobile
TN00455,ACN0125,2026-09-17,2248.3,USD,Deposit,Online
TN00456,ACN0073,2026-09-22,5164.71,SAR,Deposit,Mobile
TN00457,ACN0167,2026-09-22,11513.79,SAR,Transfer,Branch
TN00458,ACN0295,2026-09-20,8379.54,SAR,Transfer,Mobile
TN00459,ACN0253,2026-09-21,-1757.91,USD,Withdrawal,Mobile
TN00460,ACN0251,2026-09-19,-594.85,USD,Withdrawal,Mobile
TN00461,ACN0045,2026-09-22,11308.91,LBP,Deposit,Mobile
TN00462,ACN0117,2026-09-16,-3479.36,LBP,Withdrawal,Mobile
TN00463,ACN0223,2026-09-20,5152.48,USD,Transfer,Online
TN00464,ACN0231,2026-09-18,-5616.74,USD,Withdrawal,Online
TN00465,ACN0005,2026-09-21,-3427.31,EUR,Withdrawal,Mobile
TN00466,ACN0170,2026-09-21,13646.14,USD,Deposit,Online
TN00467,ACN0162,2026-09-20,2791.71,USD,Deposit,ATM
TN00468,ACN0136,2026-09-18,13497.05,EUR,Deposit,Mobile
TN00469,ACN0256,2026-09-18,10564.95,USD,Deposit,Online
TN00470,ACN0012,2026-09-22,2477.55,LBP,Transfer,Branch
TN00471,ACN0298,2026-09-20,5422.35,USD,Deposit,Mobile
TN00472,ACN0108,2026-09-19,13098.87,USD,Transfer,Online
TN00473,ACN0028,2026-09-19,13738.01,USD,Transfer,Online
TN00474,ACN0209,2026-09-18,2701.89,USD,Transfer,Mobile
TN00475,ACN0301,2026-09-20,-4360.57,EUR,Withdrawal,ATM
TN00476,ACN0290,2026-09-20,-5561.52,USD,Withdrawal,ATM
TN00477,ACN0146,2026-09-19,-7778.41,EUR,Withdrawal,Mobile
TN00478,ACN0027,2026-09-18,2282.42,EUR,Deposit,Online
TN00479,ACN0057,2026-09-20,-67.84,QAR,Fee,ATM
TN00480,ACN0094,2026-09-17,-7887.98,USD,Withdrawal,ATM
TN00481,ACN0179,2026-09-21,12322.51,USD,Deposit,Online
TN00482,ACN0237,2026-09-21,4554.16,USD,Transfer,ATM
TN00483,ACN0126,2026-09-16,18408.5,USD,Deposit,Mobile
TN00484,ACN0163,2026-09-20,18225.41,USD,Deposit,Mobile
TN00485,ACN0054,2026-09-17,-5989.79,LBP,Withdrawal,ATM
TN00486,ACN0281,2026-09-18,-4977.45,USD,Withdrawal,Online
TN00487,ACN0144,2026-09-17,-91.85,USD,Fee,Mobile
TN00488,ACN0019,2026-09-22,-103.27,USD,Fee,Branch
TN00489,ACN0034,2026-09-20,586.48,QAR,Deposit,Online
TN00490,ACN0098,2026-09-18,10279.38,USD,Deposit,Mobile
TN00491,ACN0132,2026-09-21,11785.48,LBP,Deposit,Online
TN00492,ACN0266,2026-09-19,-74.57,LBP,Fee,Mobile
TN00493,ACN0309,2026-09-18,3216.82,SAR,Transfer,Branch
TN00494,ACN0060,2026-09-20,-5024.69,EUR,Withdrawal,Mobile
TN00495,ACN0052,2026-09-19,13747.75,USD,Transfer,Mobile
TN00496,ACN0249,2026-09-16,5557.3,USD,Transfer,Online
TN00497,ACN0197,2026-09-20,-69.85,LBP,Fee,Branch
TN00498,ACN0226,2026-09-16,-4.62,USD,Fee,Branch
TN00499,ACN0130,2026-09-19,-5371.24,USD,Withdrawal,Mobile
TN00500,ACN0058,2026-09-18,-27.6,LBP,Fee,Mobile
TN00501,ACN0244,2026-09-18,18195.59,USD,Deposit,Online
TN00502,ACN0044,2026-09-19,-2459.39,SAR,Withdrawal,Online
TN00503,ACN0256,2026-09-21,7294.5,USD,Transfer,Mobile
TN00504,ACN0050,2026-09-17,12983.61,USD,Transfer,Mobile
TN00505,ACN0185,2026-09-17,-5837.21,USD,Withdrawal,Online
TN00506,ACN0294,2026-09-19,12638.35,USD,Deposit,Mobile
TN00507,ACN0262,2026-09-17,-5408.27,SAR,Withdrawal,ATM
TN00508,ACN0132,2026-09-22,11916.53,LBP,Deposit,Online
TN00509,ACN0004,2026-09-18,843.81,USD,Deposit,Mobile
TN00510,ACN0100,2026-09-21,-3961.8,USD,Withdrawal,Mobile
TN00511,ACN0163,2026-09-16,-7175.11,USD,Withdrawal,Mobile
TN00512,ACN0024,2026-09-19,-4450.02,USD,Withdrawal,Branch
TN00513,ACN0085,2026-09-18,-6001.16,SAR,Withdrawal,Mobile
TN00514,ACN0245,2026-09-22,6820.93,USD,Deposit,Mobile
TN00515,ACN0309,2026-09-21,9458.75,SAR,Transfer,Online
TN00516,ACN0268,2026-09-18,11571.13,USD,Transfer,ATM
TN00517,ACN0197,2026-09-19,14669.78,LBP,Deposit,ATM
TN00518,ACN0205,2026-09-19,-3715.64,LBP,Withdrawal,ATM
TN00519,ACN0060,2026-09-20,9632.56,EUR,Deposit,Mobile
TN00520,ACN0172,2026-09-18,1555.97,EUR,Deposit,Mobile
TN00521,ACN0095,2026-09-21,7965.89,USD,Deposit,Branch
TN00522,ACN0036,2026-09-21,15993.33,SAR,Deposit,Mobile
TN00523,ACN0079,2026-09-18,-5395.81,SAR,Withdrawal,Online
TN00524,ACN0087,2026-09-19,-129.75,EUR,Fee,Online
TN00525,ACN0050,2026-09-16,13952.07,USD,Deposit,ATM
TN00526,ACN0171,2026-09-22,11854.8,LBP,Deposit,Mobile
TN00527,ACN0240,2026-09-19,-1064.81,LBP,Withdrawal,Mobile
TN00528,ACN0313,2026-09-16,-48.15,USD,Fee,Mobile
TN00529,ACN0007,2026-09-17,-7802.79,EUR,Withdrawal,Mobile
TN00530,ACN0226,2026-09-21,-123.69,USD,Fee,Mobile
TN00531,ACN0042,2026-09-17,-4485.05,USD,Withdrawal,ATM
TN00532,ACN0068,2026-09-17,-130.52,USD,Fee,Online
TN00533,ACN0272,2026-09-18,2082.29,QAR,Transfer,Mobile
TN00534,ACN0281,2026-09-20,-86.07,USD,Fee,Online
TN00535,ACN0193,2026-09-19,-6889.24,USD,Withdrawal,Mobile
TN00536,ACN0197,2026-09-18,19368.97,LBP,Deposit,Mobile
TN00537,ACN0265,2026-09-18,-118.11,USD,Fee,Online
TN00538,ACN0064,2026-09-20,7442.19,USD,Deposit,Online
TN00539,ACN0252,2026-09-20,-55.48,QAR,Fee,Mobile
TN00540,ACN0156,2026-09-16,4855.83,USD,Transfer,Mobile
TN00541,ACN0112,2026-09-22,-3609.9,LBP,Withdrawal,Branch
TN00542,ACN0313,2026-09-18,10823.44,USD,Deposit,Branch
TN00543,ACN0108,2026-09-20,6048.35,USD,Transfer,Online
TN00544,ACN0091,2026-09-18,4407.36,USD,Transfer,Branch
TN00545,ACN0284,2026-09-16,-37.96,USD,Fee,Online
TN00546,ACN0103,2026-09-16,-4570.79,USD,Withdrawal,Mobile
TN00547,ACN0007,2026-09-18,-2447.85,EUR,Withdrawal,Online
TN00548,ACN0141,2026-09-21,11326.4,USD,Transfer,Branch
TN00549,ACN0288,2026-09-21,12546.65,USD,Deposit,Online
TN00550,ACN0234,2026-09-18,-7922.34,EUR,Withdrawal,ATM
TN00551,ACN0295,2026-09-18,-45.67,SAR,Fee,Mobile
TN00552,ACN0052,2026-09-19,18192.43,USD,Deposit,Mobile
TN00553,ACN0167,2026-09-21,5049.52,SAR,Deposit,Online
TN00554,ACN0044,2026-09-22,8972.6,SAR,Transfer,Mobile
TN00555,ACN0112,2026-09-19,10719.93,LBP,Transfer,Mobile
TN00556,ACN0179,2026-09-19,11210.68,USD,Transfer,Mobile
TN00557,ACN0259,2026-09-17,2152.13,LBP,Transfer,ATM
TN00558,ACN0124,2026-09-16,7558.94,USD,Transfer,Mobile
TN00559,ACN0219,2026-09-18,-5348.84,USD,Withdrawal,Mobile
TN00560,ACN0003,2026-09-16,-4066.92,USD,Withdrawal,Mobile
TN00561,ACN0166,2026-09-18,-7588.04,LBP,Withdrawal,Mobile
TN00562,ACN0307,2026-09-21,-6521.62,QAR,Withdrawal,Mobile
TN00563,ACN0053,2026-09-20,12207.46,LBP,Transfer,Online
TN00564,ACN0278,2026-09-18,-4212.1,USD,Withdrawal,Mobile
TN00565,ACN0260,2026-09-20,-75.91,QAR,Fee,Online
TN00566,ACN0103,2026-09-20,8875.01,USD,Transfer,ATM
TN00567,ACN0064,2026-09-19,-101.61,USD,Fee,Mobile
TN00568,ACN0274,2026-09-18,-1364.9,QAR,Withdrawal,Branch
TN00569,ACN0130,2026-09-20,4940.18,USD,Transfer,Online
TN00570,ACN0022,2026-09-19,13099.62,EUR,Deposit,Online
TN00571,ACN0227,2026-09-19,13491.32,LBP,Transfer,Mobile
TN00572,ACN0212,2026-09-21,4486.04,LBP,Deposit,Mobile
TN00573,ACN0219,2026-09-19,5122.1,USD,Deposit,ATM
TN00574,ACN0178,2026-09-22,9577.89,USD,Deposit,Mobile
TN00575,ACN0074,2026-09-20,13066.45,LBP,Deposit,Online
TN00576,ACN0067,2026-09-19,-7057.85,USD,Withdrawal,Online
TN00577,ACN0017,2026-09-22,-3265.44,LBP,Withdrawal,Branch
TN00578,ACN0183,2026-09-18,-7238.79,USD,Withdrawal,Mobile
TN00579,ACN0039,2026-09-16,13909.11,USD,Deposit,Mobile
TN00580,ACN0285,2026-09-22,14835.58,QAR,Transfer,Mobile
TN00581,ACN0146,2026-09-19,-2816.57,EUR,Withdrawal,Online
TN00582,ACN0069,2026-09-18,7493.07,USD,Transfer,Branch
TN00583,ACN0075,2026-09-19,12302.43,USD,Transfer,Mobile
TN00584,ACN0238,2026-09-22,-116.51,QAR,Fee,Online
TN00585,ACN0068,2026-09-16,10233.55,USD,Deposit,Branch
TN00586,ACN0267,2026-09-17,2220.7,USD,Deposit,ATM
TN00587,ACN0095,2026-09-19,-4642.04,USD,Withdrawal,Mobile
TN00588,ACN0013,2026-09-22,-3289.68,LBP,Withdrawal,Branch
TN00589,ACN0291,2026-09-20,2233.83,LBP,Transfer,Mobile
TN00590,ACN0038,2026-09-20,-5637.81,USD,Withdrawal,Mobile
TN00591,ACN0127,2026-09-17,18187.61,USD,Deposit,Mobile
TN00592,ACN0209,2026-09-18,12506.01,USD,Deposit,Mobile
TN00593,ACN0261,2026-09-22,13485.26,USD,Transfer,ATM
TN00594,ACN0126,2026-09-21,-104.99,USD,Fee,ATM
TN00595,ACN0200,2026-09-22,-105.12,USD,Fee,Mobile
TN00596,ACN0022,2026-09-20,8721.78,EUR,Deposit,Online
TN00597,ACN0144,2026-09-20,-6210.53,USD,Withdrawal,Mobile
TN00598,ACN0307,2026-09-20,-514.29,QAR,Withdrawal,Mobile
TN00599,ACN0081,2026-09-21,-1652.24,QAR,Withdrawal,Mobile
TN00600,ACN0199,2026-09-21,3194.31,USD,Transfer,ATM
TN00601,ACN0089,2026-09-16,13633.75,LBP,Deposit,Branch
TN00602,ACN0115,2026-09-18,-108.11,QAR,Fee,ATM
TN00603,ACN0179,2026-09-16,8983.18,USD,Transfer,Mobile
TN00604,ACN0101,2026-09-20,-7845.02,USD,Withdrawal,Mobile
TN00605,ACN0043,2026-09-20,-148.62,SAR,Fee,Mobile
TN00606,ACN0063,2026-09-18,761.16,QAR,Deposit,Online
TN00607,ACN0178,2026-09-20,9607.69,USD,Transfer,ATM
TN00608,ACN0209,2026-09-17,10080.42,USD,Transfer,Mobile
TN00609,ACN0037,2026-09-18,4818.37,USD,Transfer,Mobile
TN00610,ACN0027,2026-09-22,-5859.14,EUR,Withdrawal,Mobile
TN00611,ACN0199,2026-09-20,393.14,USD,Transfer,Online
TN00612,ACN0214,2026-09-20,-109.27,LBP,Fee,Mobile
TN00613,ACN0135,2026-09-20,-4521.51,USD,Withdrawal,Online
TN00614,ACN0163,2026-09-16,-2477.44,USD,Withdrawal,Mobile
TN00615,ACN0206,2026-09-18,11190.68,USD,Transfer,Branch
TN00616,ACN0171,2026-09-17,-3630.07,LBP,Withdrawal,ATM
TN00617,ACN0179,2026-09-22,10196.2,USD,Transfer,Mobile
TN00618,ACN0114,2026-09-21,1329.37,USD,Deposit,Branch
TN00619,ACN0303,2026-09-16,15220.98,USD,Deposit,ATM
TN00620,ACN0277,2026-09-18,2102.93,USD,Transfer,Mobile
TN00621,ACN0275,2026-09-21,17405.36,LBP,Deposit,Online
TN00622,ACN0299,2026-09-18,-2070.74,QAR,Withdrawal,Mobile
TN00623,ACN0147,2026-09-22,11098.73,USD,Deposit,Online
TN00624,ACN0204,2026-09-16,-6426.31,USD,Withdrawal,Mobile
TN00625,ACN0109,2026-09-20,6620.64,LBP,Transfer,Online
TN00626,ACN0144,2026-09-22,9246.23,USD,Transfer,Mobile
TN00627,ACN0136,2026-09-16,-368.97,EUR,Withdrawal,Mobile
TN00628,ACN0028,2026-09-19,-4267.96,USD,Withdrawal,Branch
TN00629,ACN0229,2026-09-22,9291.61,SAR,Deposit,Online
TN00630,ACN0097,2026-09-16,3762.4,QAR,Deposit,ATM
TN00631,ACN0137,2026-09-18,5715.5,EUR,Transfer,Mobile
TN00632,ACN0068,2026-09-17,-87.95,USD,Fee,Mobile
TN00633,ACN0043,2026-09-17,-57.39,SAR,Fee,Mobile
TN00634,ACN0063,2026-09-21,-61.92,QAR,Fee,ATM
TN00635,ACN0116,2026-09-18,-5339.74,USD,Withdrawal,Mobile
TN00636,ACN0240,2026-09-16,-4638.01,LBP,Withdrawal,Mobile
TN00637,ACN0145,2026-09-18,-773.63,EUR,Withdrawal,Mobile
TN00638,ACN0173,2026-09-18,-4004.7,USD,Withdrawal,Online
TN00639,ACN0225,2026-09-17,12251.45,LBP,Transfer,Online
TN00640,ACN0040,2026-09-16,-626.87,USD,Withdrawal,Online
TN00641,ACN0085,2026-09-19,13497.36,SAR,Deposit,Mobile
TN00642,ACN0040,2026-09-17,-43.93,USD,Fee,Mobile
TN00643,ACN0237,2026-09-17,7179.05,USD,Transfer,ATM
TN00644,ACN0056,2026-09-17,3520.4,USD,Transfer,Branch
TN00645,ACN0160,2026-09-22,-149.05,SAR,Fee,Online
TN00646,ACN0226,2026-09-22,3566.85,USD,Transfer,Mobile
TN00647,ACN0094,2026-09-21,6953.61,USD,Deposit,Mobile
TN00648,ACN0079,2026-09-19,3712.18,SAR,Transfer,Mobile
TN00649,ACN0218,2026-09-21,17200.02,USD,Deposit,Online
TN00650,ACN0057,2026-09-21,-75.79,QAR,Fee,Online
TN00651,ACN0211,2026-09-17,1614.49,USD,Deposit,ATM
TN00652,ACN0257,2026-09-20,1828.51,QAR,Transfer,Branch
TN00653,ACN0156,2026-09-22,10433.45,USD,Deposit,Mobile
TN00654,ACN0067,2026-09-19,-510.86,USD,Withdrawal,Online
TN00655,ACN0195,2026-09-22,-79.65,USD,Fee,Mobile
TN00656,ACN0160,2026-09-16,-6799.2,SAR,Withdrawal,Online
TN00657,ACN0027,2026-09-18,6413.87,EUR,Transfer,Mobile
TN00658,ACN0008,2026-09-22,-7585.87,QAR,Withdrawal,Branch
TN00659,ACN0256,2026-09-19,-93.36,USD,Fee,ATM
TN00660,ACN0017,2026-09-20,4423.98,LBP,Transfer,Branch
TN00661,ACN0162,2026-09-16,-3641.72,USD,Withdrawal,Mobile
TN00662,ACN0153,2026-09-16,-6104.93,USD,Withdrawal,Mobile
TN00663,ACN0043,2026-09-21,-6555.98,SAR,Withdrawal,Online
TN00664,ACN0010,2026-09-18,8519.25,QAR,Transfer,ATM
TN00665,ACN0177,2026-09-22,7458.24,USD,Transfer,Mobile
TN00666,ACN0243,2026-09-20,-28.58,LBP,Fee,Mobile
TN00667,ACN0119,2026-09-20,19341.06,USD,Deposit,Mobile
TN00668,ACN0270,2026-09-22,5582.6,USD,Deposit,Branch
TN00669,ACN0130,2026-09-20,5867.42,USD,Transfer,ATM
TN00670,ACN0203,2026-09-19,15895.24,USD,Deposit,ATM
TN00671,ACN0310,2026-09-21,-3724.57,LBP,Withdrawal,Mobile
TN00672,ACN0050,2026-09-22,-52.95,USD,Fee,Mobile
TN00673,ACN0215,2026-09-17,-4438.8,LBP,Withdrawal,Mobile
TN00674,ACN0195,2026-09-20,471.15,USD,Transfer,Online
TN00675,ACN0303,2026-09-16,-90.29,USD,Fee,ATM
TN00676,ACN0114,2026-09-21,-5754.85,USD,Withdrawal,Mobile
TN00677,ACN0238,2026-09-18,6339.13,QAR,Transfer,Mobile
TN00678,ACN0225,2026-09-21,12719.85,LBP,Deposit,Online
TN00679,ACN0148,2026-09-20,6084.78,USD,Transfer,Online
TN00680,ACN0081,2026-09-21,15185.38,QAR,Deposit,ATM
TN00681,ACN0061,2026-09-17,-7799.1,USD,Withdrawal,ATM
TN00682,ACN0127,2026-09-19,4569.37,USD,Transfer,Mobile
TN00683,ACN0238,2026-09-18,-4004.67,QAR,Withdrawal,Online
TN00684,ACN0307,2026-09-21,11843.58,QAR,Transfer,Branch
TN00685,ACN0265,2026-09-22,-7324.97,USD,Withdrawal,ATM
TN00686,ACN0212,2026-09-19,-1755.36,LBP,Withdrawal,ATM
TN00687,ACN0301,2026-09-16,16435.88,EUR,Deposit,Online
TN00688,ACN0142,2026-09-19,13316.32,EUR,Deposit,Mobile
TN00689,ACN0043,2026-09-21,7672.86,SAR,Deposit,Online
TN00690,ACN0028,2026-09-16,-4758.06,USD,Withdrawal,Online
TN00691,ACN0217,2026-09-21,-7730.83,USD,Withdrawal,Branch
TN00692,ACN0212,2026-09-16,5778.45,LBP,Transfer,Mobile
TN00693,ACN0279,2026-09-20,11370.65,USD,Transfer,ATM
TN00694,ACN0130,2026-09-18,-89.56,USD,Fee,Online
TN00695,ACN0227,2026-09-18,10998.68,LBP,Transfer,Online
TN00696,ACN0285,2026-09-19,9229.03,QAR,Transfer,Mobile
TN00697,ACN0267,2026-09-18,18399,USD,Deposit,Branch
TN00698,ACN0125,2026-09-16,17858.44,USD,Deposit,Mobile
TN00699,ACN0060,2026-09-19,12170.62,EUR,Deposit,Mobile
TN00700,ACN0274,2026-09-21,17246.45,QAR,Deposit,Branch
TN00701,ACN0046,2026-09-22,-1070.32,LBP,Withdrawal,Branch
TN00702,ACN0289,2026-09-18,6265.78,EUR,Deposit,Mobile
TN00703,ACN0106,2026-09-21,-127.9,USD,Fee,ATM
TN00704,ACN0058,2026-09-17,15003.96,LBP,Deposit,ATM
TN00705,ACN0201,2026-09-18,-3217.34,LBP,Withdrawal,Mobile
TN00706,ACN0209,2026-09-17,887.81,USD,Transfer,Branch
TN00707,ACN0310,2026-09-18,14093.55,LBP,Deposit,Mobile
TN00708,ACN0077,2026-09-21,9846.26,EUR,Deposit,ATM
TN00709,ACN0225,2026-09-19,10270.29,LBP,Deposit,Online
TN00710,ACN0131,2026-09-17,9835.59,USD,Deposit,Online
TN00711,ACN0054,2026-09-20,-1039.58,LBP,Withdrawal,ATM
TN00712,ACN0012,2026-09-21,-4443.91,LBP,Withdrawal,ATM
TN00713,ACN0282,2026-09-22,8476.88,USD,Transfer,Branch
TN00714,ACN0220,2026-09-18,14293.44,EUR,Deposit,Branch
TN00715,ACN0170,2026-09-19,-309.1,USD,Withdrawal,Branch
TN00716,ACN0309,2026-09-17,9507.57,SAR,Transfer,Online
TN00717,ACN0075,2026-09-18,3313.71,USD,Transfer,Online
TN00718,ACN0069,2026-09-19,18025.43,USD,Deposit,ATM
TN00719,ACN0108,2026-09-22,11345.84,USD,Deposit,Online
TN00720,ACN0310,2026-09-19,-1461.45,LBP,Withdrawal,ATM
TN00721,ACN0018,2026-09-17,14752.93,QAR,Deposit,Mobile
TN00722,ACN0096,2026-09-22,-941.3,LBP,Withdrawal,Online
TN00723,ACN0289,2026-09-17,10474.54,EUR,Deposit,Mobile
TN00724,ACN0182,2026-09-17,623.37,USD,Transfer,Mobile
TN00725,ACN0067,2026-09-19,12443.23,USD,Transfer,ATM
TN00726,ACN0140,2026-09-17,-4107.28,USD,Withdrawal,ATM
TN00727,ACN0160,2026-09-21,5731.37,SAR,Deposit,Online
TN00728,ACN0148,2026-09-16,12292.21,USD,Deposit,Mobile
TN00729,ACN0311,2026-09-21,18220.94,LBP,Deposit,Online
TN00730,ACN0072,2026-09-17,-145.16,LBP,Fee,Mobile
TN00731,ACN0175,2026-09-19,15917.6,USD,Deposit,Online
TN00732,ACN0268,2026-09-21,-2292.86,USD,Withdrawal,Branch
TN00733,ACN0246,2026-09-18,7640.08,USD,Transfer,Mobile
TN00734,ACN0307,2026-09-21,13894.04,QAR,Transfer,Mobile
TN00735,ACN0077,2026-09-21,14809.76,EUR,Transfer,ATM
TN00736,ACN0083,2026-09-16,14061.09,USD,Transfer,Online
TN00737,ACN0085,2026-09-16,5626.77,SAR,Deposit,Mobile
TN00738,ACN0006,2026-09-16,13119.48,USD,Deposit,Mobile
TN00739,ACN0273,2026-09-17,1920.24,USD,Transfer,ATM
TN00740,ACN0018,2026-09-18,18568.49,QAR,Deposit,Mobile
TN00741,ACN0003,2026-09-20,4381.62,USD,Deposit,Mobile
TN00742,ACN0114,2026-09-19,-1674.25,USD,Withdrawal,Mobile
TN00743,ACN0263,2026-09-21,-4352.21,EUR,Withdrawal,Mobile
TN00744,ACN0084,2026-09-17,11861.8,SAR,Deposit,Mobile
TN00745,ACN0052,2026-09-18,9361.52,USD,Transfer,ATM
TN00746,ACN0075,2026-09-16,4968.7,USD,Transfer,Online
TN00747,ACN0223,2026-09-18,12692.89,USD,Transfer,Mobile
TN00748,ACN0143,2026-09-21,-20.74,USD,Fee,Mobile
TN00749,ACN0039,2026-09-19,3318.43,USD,Transfer,Online
TN00750,ACN0109,2026-09-19,9436.43,LBP,Deposit,ATM
TN00751,ACN0306,2026-09-21,17253.19,EUR,Deposit,ATM
TN00752,ACN0128,2026-09-18,-3206.4,LBP,Withdrawal,Mobile
TN00753,ACN0111,2026-09-18,-81.7,EUR,Fee,ATM
TN00754,ACN0092,2026-09-21,9942.92,USD,Transfer,Online
TN00755,ACN0058,2026-09-22,-4423.89,LBP,Withdrawal,Mobile
TN00756,ACN0289,2026-09-21,2340.99,EUR,Transfer,Mobile
TN00757,ACN0251,2026-09-19,741.67,USD,Transfer,Mobile
TN00758,ACN0147,2026-09-19,14957.3,USD,Transfer,ATM
TN00759,ACN0012,2026-09-22,16237.54,LBP,Deposit,ATM
TN00760,ACN0265,2026-09-22,2056.2,USD,Deposit,ATM
TN00761,ACN0251,2026-09-20,-62.45,USD,Fee,Mobile
TN00762,ACN0003,2026-09-22,-6683.82,USD,Withdrawal,Mobile
TN00763,ACN0220,2026-09-20,2804.19,EUR,Deposit,Mobile
TN00764,ACN0129,2026-09-20,-20.81,EUR,Fee,Mobile
TN00765,ACN0062,2026-09-21,-2421.49,USD,Withdrawal,Online
TN00766,ACN0156,2026-09-16,9261.08,USD,Transfer,Online
TN00767,ACN0224,2026-09-18,8025.48,USD,Deposit,Mobile
TN00768,ACN0167,2026-09-20,-2104.47,SAR,Withdrawal,Branch
TN00769,ACN0062,2026-09-20,19173.92,USD,Deposit,Mobile
TN00770,ACN0132,2026-09-21,14786.46,LBP,Deposit,Online
TN00771,ACN0009,2026-09-18,11998.52,SAR,Deposit,Online
TN00772,ACN0232,2026-09-22,247.54,SAR,Transfer,Mobile
TN00773,ACN0066,2026-09-18,-1668.6,USD,Withdrawal,Mobile
TN00774,ACN0025,2026-09-20,-7621.19,USD,Withdrawal,Branch
TN00775,ACN0148,2026-09-20,3784.61,USD,Transfer,Online
TN00776,ACN0122,2026-09-22,309.9,USD,Transfer,Online
TN00777,ACN0144,2026-09-18,11901.35,USD,Deposit,Mobile
TN00778,ACN0158,2026-09-17,13899.35,USD,Transfer,ATM
TN00779,ACN0140,2026-09-22,1213.99,USD,Deposit,Mobile
TN00780,ACN0135,2026-09-17,-4964.82,USD,Withdrawal,Mobile
TN00781,ACN0165,2026-09-20,12765.12,EUR,Deposit,Mobile
TN00782,ACN0065,2026-09-21,3531.87,USD,Deposit,Mobile
TN00783,ACN0182,2026-09-19,5859.16,USD,Deposit,ATM
TN00784,ACN0259,2026-09-20,2643.14,LBP,Deposit,Mobile
TN00785,ACN0057,2026-09-21,3510.33,QAR,Deposit,Mobile
TN00786,ACN0043,2026-09-19,-7421.35,SAR,Withdrawal,Branch
TN00787,ACN0154,2026-09-21,-4958.51,QAR,Withdrawal,Branch
TN00788,ACN0075,2026-09-22,-37.09,USD,Withdrawal,Mobile
TN00789,ACN0102,2026-09-20,-5366.38,LBP,Withdrawal,Mobile
TN00790,ACN0101,2026-09-18,-7753.77,USD,Withdrawal,Online
TN00791,ACN0172,2026-09-20,-5862.05,EUR,Withdrawal,Online
TN00792,ACN0185,2026-09-17,9910.43,USD,Transfer,Mobile
TN00793,ACN0166,2026-09-20,-1656.15,LBP,Withdrawal,ATM
TN00794,ACN0036,2026-09-21,15330.85,SAR,Deposit,Online
TN00795,ACN0255,2026-09-16,9390.19,USD,Deposit,Mobile
TN00796,ACN0156,2026-09-20,2665.98,USD,Deposit,ATM
TN00797,ACN0102,2026-09-22,6266.57,LBP,Deposit,Mobile
TN00798,ACN0254,2026-09-20,12633.96,LBP,Deposit,Mobile
TN00799,ACN0068,2026-09-21,9019.12,USD,Deposit,Mobile
TN00800,ACN0143,2026-09-19,1912.59,USD,Transfer,Mobile
TN00801,ACN0221,2026-09-21,-2215,USD,Withdrawal,ATM
TN00802,ACN0116,2026-09-22,10900.65,USD,Transfer,Mobile
TN00803,ACN0206,2026-09-21,13355.24,USD,Transfer,Online
TN00804,ACN0172,2026-09-19,17829.3,EUR,Deposit,ATM
TN00805,ACN0109,2026-09-16,-3959.19,LBP,Withdrawal,Mobile
TN00806,ACN0134,2026-09-20,6233.54,USD,Deposit,Branch
TN00807,ACN0258,2026-09-21,5900.65,USD,Deposit,ATM
TN00808,ACN0094,2026-09-21,16174.09,USD,Deposit,Mobile
TN00809,ACN0056,2026-09-18,11844.97,USD,Deposit,Online
TN00810,ACN0058,2026-09-22,-3685.05,LBP,Withdrawal,ATM
TN00811,ACN0305,2026-09-21,-22.08,USD,Fee,Mobile
TN00812,ACN0133,2026-09-18,-1816.12,USD,Withdrawal,Online
TN00813,ACN0206,2026-09-20,6220.89,USD,Transfer,Online
TN00814,ACN0283,2026-09-18,2868.73,QAR,Deposit,Mobile
TN00815,ACN0020,2026-09-21,-6846.31,USD,Withdrawal,Online
TN00816,ACN0212,2026-09-16,-7051.76,LBP,Withdrawal,ATM
TN00817,ACN0270,2026-09-21,14641.8,USD,Deposit,Online
TN00818,ACN0027,2026-09-16,5870.01,EUR,Deposit,Mobile
TN00819,ACN0250,2026-09-20,11313.99,EUR,Deposit,Mobile
TN00820,ACN0228,2026-09-22,6479.24,USD,Deposit,Mobile
TN00821,ACN0046,2026-09-17,-3505.86,LBP,Withdrawal,Mobile
TN00822,ACN0311,2026-09-16,-2614.84,LBP,Withdrawal,Mobile
TN00823,ACN0152,2026-09-19,-3849.18,USD,Withdrawal,ATM
TN00824,ACN0009,2026-09-18,7165.2,SAR,Transfer,Online
TN00825,ACN0139,2026-09-20,12762.2,LBP,Transfer,Online
TN00826,ACN0176,2026-09-18,2486.91,SAR,Deposit,Mobile
TN00827,ACN0278,2026-09-19,-6967.63,USD,Withdrawal,ATM
TN00828,ACN0081,2026-09-16,-41.29,QAR,Fee,Branch
TN00829,ACN0151,2026-09-21,-96.34,EUR,Fee,Online
TN00830,ACN0176,2026-09-20,-7795.05,SAR,Withdrawal,Branch
TN00831,ACN0262,2026-09-17,-119.37,SAR,Fee,Mobile
TN00832,ACN0106,2026-09-20,-906.71,USD,Withdrawal,Mobile
TN00833,ACN0197,2026-09-20,-90.36,LBP,Fee,Mobile
TN00834,ACN0140,2026-09-20,-2.12,USD,Fee,Branch
TN00835,ACN0052,2026-09-18,5884.64,USD,Deposit,Branch
TN00836,ACN0071,2026-09-17,2766.3,USD,Deposit,ATM
TN00837,ACN0078,2026-09-18,-1545.95,QAR,Withdrawal,Mobile
TN00838,ACN0219,2026-09-19,13736.88,USD,Deposit,Online
TN00839,ACN0196,2026-09-22,-3122.28,QAR,Withdrawal,Branch
TN00840,ACN0215,2026-09-17,15324.39,LBP,Deposit,Online
TN00841,ACN0121,2026-09-21,10136.95,QAR,Transfer,ATM
TN00842,ACN0270,2026-09-19,-4208.47,USD,Withdrawal,ATM
TN00843,ACN0129,2026-09-18,-19.87,EUR,Fee,Branch
TN00844,ACN0236,2026-09-16,-51.82,USD,Fee,Mobile
TN00845,ACN0240,2026-09-22,9400.81,LBP,Transfer,Online
TN00846,ACN0009,2026-09-16,1717.3,SAR,Deposit,Mobile
TN00847,ACN0058,2026-09-20,15844.44,LBP,Deposit,Branch
TN00848,ACN0141,2026-09-21,13762.52,USD,Deposit,Branch
TN00849,ACN0095,2026-09-18,-118.84,USD,Fee,Mobile
TN00850,ACN0228,2026-09-18,15749.65,USD,Deposit,Mobile
TN00851,ACN0099,2026-09-18,3092.24,USD,Deposit,Online
TN00852,ACN0162,2026-09-22,-54.22,USD,Fee,Branch
TN00853,ACN0192,2026-09-16,2075.21,USD,Transfer,Mobile
TN00854,ACN0081,2026-09-18,-1842.19,QAR,Withdrawal,Mobile
TN00855,ACN0206,2026-09-20,-1217.97,USD,Withdrawal,Mobile
TN00856,ACN0083,2026-09-17,-3425.75,USD,Withdrawal,Mobile
TN00857,ACN0152,2026-09-18,8050.4,USD,Transfer,Branch
TN00858,ACN0296,2026-09-22,7228.63,LBP,Deposit,ATM
TN00859,ACN0293,2026-09-22,11096.47,SAR,Transfer,Mobile
TN00860,ACN0017,2026-09-19,2321.59,LBP,Deposit,Mobile
TN00861,ACN0282,2026-09-19,9179.53,USD,Deposit,Mobile
TN00862,ACN0276,2026-09-22,-7487.93,QAR,Withdrawal,Mobile
TN00863,ACN0160,2026-09-17,-5292.76,SAR,Withdrawal,Mobile
TN00864,ACN0125,2026-09-18,5939.74,USD,Deposit,Online
TN00865,ACN0233,2026-09-18,-2289.64,QAR,Withdrawal,Mobile
TN00866,ACN0310,2026-09-16,5324.23,LBP,Transfer,Mobile
TN00867,ACN0185,2026-09-18,6415.84,USD,Deposit,Mobile
TN00868,ACN0202,2026-09-21,15608.16,SAR,Deposit,Mobile
TN00869,ACN0146,2026-09-20,-2824.75,EUR,Withdrawal,Mobile
TN00870,ACN0247,2026-09-19,13644.24,EUR,Deposit,Online
TN00871,ACN0011,2026-09-21,2748.24,USD,Transfer,Online
TN00872,ACN0283,2026-09-21,-4529.81,QAR,Withdrawal,ATM
TN00873,ACN0008,2026-09-20,12045.71,QAR,Deposit,ATM
TN00874,ACN0251,2026-09-20,-1308.64,USD,Withdrawal,Online
TN00875,ACN0266,2026-09-22,7370.62,LBP,Transfer,Online
TN00876,ACN0207,2026-09-17,15138.84,USD,Deposit,Mobile
TN00877,ACN0197,2026-09-16,12447.12,LBP,Deposit,Mobile
TN00878,ACN0226,2026-09-20,-7365.63,USD,Withdrawal,ATM
TN00879,ACN0038,2026-09-16,-6667.91,USD,Withdrawal,Mobile
TN00880,ACN0176,2026-09-21,-2514.26,SAR,Withdrawal,Mobile
TN00881,ACN0184,2026-09-22,-89.9,SAR,Fee,ATM
TN00882,ACN0032,2026-09-18,13088.73,USD,Deposit,Mobile
TN00883,ACN0274,2026-09-20,-1376.02,QAR,Withdrawal,Mobile
TN00884,ACN0077,2026-09-17,-67.67,EUR,Fee,Mobile
TN00885,ACN0222,2026-09-17,18899.13,EUR,Deposit,ATM
TN00886,ACN0283,2026-09-22,12015.71,QAR,Deposit,Mobile
TN00887,ACN0214,2026-09-21,19024.56,LBP,Deposit,Online
TN00888,ACN0186,2026-09-20,6377.17,USD,Deposit,Mobile
TN00889,ACN0135,2026-09-22,-2823.41,USD,Withdrawal,Branch
TN00890,ACN0173,2026-09-16,7226.39,USD,Deposit,Online
TN00891,ACN0288,2026-09-21,2664.55,USD,Deposit,Mobile
TN00892,ACN0198,2026-09-18,10574.54,USD,Transfer,Mobile
TN00893,ACN0103,2026-09-18,4649.45,USD,Transfer,Online
TN00894,ACN0106,2026-09-16,11874.66,USD,Transfer,Branch
TN00895,ACN0150,2026-09-18,-4931.87,USD,Withdrawal,ATM
TN00896,ACN0024,2026-09-18,1862.44,USD,Transfer,Online
TN00897,ACN0286,2026-09-22,2764.98,USD,Transfer,Mobile
TN00898,ACN0015,2026-09-17,-6652.98,LBP,Withdrawal,Branch
TN00899,ACN0178,2026-09-17,-938.53,USD,Withdrawal,ATM
TN00900,ACN0146,2026-09-17,-7151.81,EUR,Withdrawal,Online
TN00901,ACN0189,2026-09-22,11165.12,EUR,Transfer,Branch
TN00902,ACN0018,2026-09-17,8853.09,QAR,Transfer,Mobile
TN00903,ACN0028,2026-09-21,-4494.12,USD,Withdrawal,Branch
TN00904,ACN0157,2026-09-18,-313.73,USD,Withdrawal,Mobile
TN00905,ACN0310,2026-09-18,-2331.87,LBP,Withdrawal,ATM
TN00906,ACN0235,2026-09-17,4590.91,EUR,Deposit,ATM
TN00907,ACN0147,2026-09-21,-50.91,USD,Fee,Branch
TN00908,ACN0157,2026-09-22,17264.2,USD,Deposit,Branch
TN00909,ACN0234,2026-09-16,-2126.72,EUR,Withdrawal,Mobile
TN00910,ACN0025,2026-09-20,17826,USD,Deposit,Mobile
TN00911,ACN0197,2026-09-21,16080.95,LBP,Deposit,Branch
TN00912,ACN0103,2026-09-19,-134.12,USD,Fee,Mobile
TN00913,ACN0105,2026-09-20,-5640.93,LBP,Withdrawal,Mobile
TN00914,ACN0133,2026-09-19,16401.74,USD,Deposit,Mobile
TN00915,ACN0253,2026-09-17,17945.36,USD,Deposit,Branch
TN00916,ACN0120,2026-09-22,15550.78,LBP,Deposit,ATM
TN00917,ACN0117,2026-09-18,632.6,LBP,Deposit,Mobile
TN00918,ACN0192,2026-09-17,19724.87,USD,Deposit,Branch
TN00919,ACN0296,2026-09-16,-2586.29,LBP,Withdrawal,Branch
TN00920,ACN0159,2026-09-21,9983.26,SAR,Transfer,Branch
TN00921,ACN0009,2026-09-22,-2040.64,SAR,Withdrawal,Mobile
TN00922,ACN0274,2026-09-17,216.91,QAR,Transfer,Mobile
TN00923,ACN0148,2026-09-18,1628.41,USD,Transfer,Branch
TN00924,ACN0251,2026-09-19,3267.71,USD,Transfer,Mobile
TN00925,ACN0120,2026-09-18,9384.07,LBP,Deposit,Mobile
TN00926,ACN0132,2026-09-19,-7532.11,LBP,Withdrawal,Online
TN00927,ACN0127,2026-09-16,-103.9,USD,Fee,ATM
TN00928,ACN0161,2026-09-19,17654.82,QAR,Deposit,Branch
TN00929,ACN0076,2026-09-22,1868.93,USD,Transfer,ATM
TN00930,ACN0097,2026-09-19,-4212.78,QAR,Withdrawal,Online
TN00931,ACN0273,2026-09-19,1751.42,USD,Deposit,Online
TN00932,ACN0259,2026-09-19,14251.05,LBP,Transfer,ATM
TN00933,ACN0233,2026-09-20,-7813.2,QAR,Withdrawal,Mobile
TN00934,ACN0298,2026-09-16,-7465.07,USD,Withdrawal,Online
TN00935,ACN0297,2026-09-16,-57.58,USD,Fee,Online
TN00936,ACN0184,2026-09-17,12482.03,SAR,Deposit,Branch
TN00937,ACN0255,2026-09-20,10245.54,USD,Deposit,Mobile
TN00938,ACN0037,2026-09-22,4249.36,USD,Transfer,Online
TN00939,ACN0246,2026-09-21,14160.78,USD,Transfer,Online
TN00940,ACN0019,2026-09-16,-1540.62,USD,Withdrawal,Online
TN00941,ACN0200,2026-09-19,-1760.16,USD,Withdrawal,ATM
TN00942,ACN0079,2026-09-20,6466.26,SAR,Deposit,ATM
TN00943,ACN0204,2026-09-22,8076.31,USD,Deposit,Mobile
TN00944,ACN0290,2026-09-19,-1234.26,USD,Withdrawal,Online
TN00945,ACN0094,2026-09-16,5666.58,USD,Deposit,ATM
TN00946,ACN0203,2026-09-18,8862.34,USD,Transfer,Mobile
TN00947,ACN0120,2026-09-21,14048.77,LBP,Deposit,Mobile
TN00948,ACN0048,2026-09-19,17974.61,SAR,Deposit,Mobile
TN00949,ACN0035,2026-09-22,9580.59,QAR,Transfer,ATM
TN00950,ACN0284,2026-09-16,-5708.22,USD,Withdrawal,Mobile
TN00951,ACN0075,2026-09-16,12445.93,USD,Deposit,Online
TN00952,ACN0302,2026-09-20,-2149.39,QAR,Withdrawal,Online
TN00953,ACN0210,2026-09-19,-5993.94,SAR,Withdrawal,ATM
TN00954,ACN0006,2026-09-22,7580.41,USD,Deposit,Mobile
TN00955,ACN0038,2026-09-16,19320.76,USD,Deposit,Online
TN00956,ACN0034,2026-09-18,7978.49,QAR,Transfer,ATM
TN00957,ACN0216,2026-09-22,4166.91,USD,Transfer,Mobile
TN00958,ACN0004,2026-09-18,280.65,USD,Transfer,ATM
TN00959,ACN0215,2026-09-18,-1707.1,LBP,Withdrawal,Mobile
TN00960,ACN0282,2026-09-20,10632.61,USD,Transfer,Mobile
TN00961,ACN0297,2026-09-20,-1358.73,USD,Withdrawal,Mobile
TN00962,ACN0233,2026-09-22,19321.8,QAR,Deposit,Mobile
TN00963,ACN0222,2026-09-19,11069.68,EUR,Deposit,Online
TN00964,ACN0133,2026-09-21,-1125.89,USD,Withdrawal,Mobile
TN00965,ACN0301,2026-09-22,-3406.73,EUR,Withdrawal,ATM
TN00966,ACN0131,2026-09-19,-4935.36,USD,Withdrawal,Mobile
TN00967,ACN0051,2026-09-20,17640.23,USD,Deposit,Branch
TN00968,ACN0114,2026-09-17,11274.78,USD,Transfer,Mobile
TN00969,ACN0167,2026-09-18,9769.61,SAR,Deposit,Mobile
TN00970,ACN0245,2026-09-16,5496.65,USD,Transfer,Online
TN00971,ACN0150,2026-09-20,475.13,USD,Deposit,ATM
TN00972,ACN0102,2026-09-20,-1416.15,LBP,Withdrawal,Branch
TN00973,ACN0009,2026-09-22,-4629.17,SAR,Withdrawal,Mobile
TN00974,ACN0085,2026-09-18,13620.47,SAR,Deposit,Online
TN00975,ACN0063,2026-09-20,-3661.77,QAR,Withdrawal,Mobile
TN00976,ACN0157,2026-09-21,-7181.64,USD,Withdrawal,ATM
TN00977,ACN0071,2026-09-22,-3297.49,USD,Withdrawal,Online
TN00978,ACN0222,2026-09-18,-4978.12,EUR,Withdrawal,Online
TN00979,ACN0193,2026-09-20,-1077.86,USD,Withdrawal,Mobile
TN00980,ACN0108,2026-09-20,364.05,USD,Deposit,Online
TN00981,ACN0186,2026-09-18,-1171.87,USD,Withdrawal,Mobile
TN00982,ACN0002,2026-09-16,6316.16,USD,Transfer,Branch
TN00983,ACN0096,2026-09-17,12722.09,LBP,Transfer,ATM
TN00984,ACN0194,2026-09-16,3405.28,LBP,Deposit,Mobile
TN00985,ACN0246,2026-09-22,8761.6,USD,Transfer,Branch
TN00986,ACN0162,2026-09-17,-7115.26,USD,Withdrawal,Mobile
TN00987,ACN0137,2026-09-21,1916.3,EUR,Transfer,ATM
TN00988,ACN0294,2026-09-17,-70.13,USD,Fee,Mobile
TN00989,ACN0077,2026-09-20,4740.68,EUR,Deposit,ATM
TN00990,ACN0301,2026-09-17,1741.92,EUR,Deposit,Online
TN00991,ACN0035,2026-09-20,-148.08,QAR,Fee,Online
TN00992,ACN0175,2026-09-22,8047.39,USD,Transfer,ATM
TN00993,ACN0067,2026-09-18,-4316.92,USD,Withdrawal,ATM
TN00994,ACN0015,2026-09-16,-1138.96,LBP,Withdrawal,Mobile
TN00995,ACN0111,2026-09-17,18659.4,EUR,Deposit,ATM
TN00996,ACN0166,2026-09-18,5503.92,LBP,Transfer,Mobile
TN00997,ACN0107,2026-09-20,7925.28,USD,Transfer,Online
TN00998,ACN0269,2026-09-16,-857.36,LBP,Withdrawal,ATM
TN00999,ACN0060,2026-09-20,-7596.4,EUR,Withdrawal,Mobile
TN01000,ACN0047,2026-09-18,6648.76,USD,Deposit,Mobile
TN01001,ACN0203,2026-09-23,14474.69,USD,Deposit,ATM
TN01002,ACN0201,2026-09-23,-3630.31,LBP,Withdrawal,Mobile
TN01003,ACN0207,2026-09-23,-4940.52,USD,Withdrawal,ATM
TN01004,ACN0004,2026-09-23,286.59,USD,Transfer,ATM
TN01005,ACN0156,2026-09-23,9171.22,USD,Deposit,Mobile
TN01006,ACN0222,2026-09-23,14489.68,EUR,Transfer,ATM
TN01007,ACN0246,2026-09-23,7306.72,USD,Transfer,Mobile
TN01008,ACN0203,2026-09-23,7764.95,USD,Transfer,Mobile
TN01009,ACN0178,2026-09-23,9139.11,USD,Deposit,Mobile
TN01010,ACN0158,2026-09-23,13782.49,USD,Transfer,ATM
TN01011,ACN0150,2026-09-23,-7459.82,USD,Withdrawal,Branch
TN01012,ACN0128,2026-09-23,-3042.9,LBP,Withdrawal,Mobile
TN01013,ACN0040,2026-09-23,-667.36,USD,Withdrawal,Online
TN01014,ACN0232,2026-09-23,11638.04,SAR,Transfer,Mobile
TN01015,ACN0096,2026-09-23,-1070.81,LBP,Withdrawal,Online
TN01016,ACN0298,2026-09-23,6205.18,USD,Deposit,Mobile
TN01017,ACN0273,2026-09-23,1642.96,USD,Transfer,ATM
TN01018,ACN0007,2026-09-23,-2523.81,EUR,Withdrawal,Online
TN01019,ACN0313,2026-09-23,-57.61,USD,Fee,Mobile
TN01020,ACN0211,2026-09-23,1548.05,USD,Deposit,ATM
TN01021,ACN0256,2026-09-23,11210.87,USD,Deposit,Online
TN01022,ACN0200,2026-09-23,-1742.8,USD,Withdrawal,ATM
TN01023,ACN0066,2026-09-23,2811.9,USD,Transfer,Online
TN01024,ACN0271,2026-09-23,11322.07,USD,Deposit,ATM
TN01025,ACN0196,2026-09-23,-2924.28,QAR,Withdrawal,Mobile
TN01026,ACN0111,2026-09-23,-2702.25,EUR,Withdrawal,ATM
TN01027,ACN0068,2026-09-23,-97.92,USD,Fee,Mobile
TN01028,ACN0163,2026-09-23,16751.81,USD,Deposit,Mobile
TN01029,ACN0273,2026-09-23,5791.47,USD,Transfer,Mobile
TN01030,ACN0177,2026-09-23,2010.31,USD,Deposit,Mobile
TN01031,ACN0058,2026-09-23,-32.45,LBP,Fee,Mobile
TN01032,ACN0186,2026-09-23,8020.37,USD,Deposit,Online
TN01033,ACN0079,2026-09-23,7643.32,SAR,Deposit,ATM
TN01034,ACN0080,2026-09-23,9650.07,USD,Deposit,Mobile
TN01035,ACN0120,2026-09-23,13057.64,LBP,Deposit,Mobile
TN01036,ACN0113,2026-09-23,3366.52,SAR,Deposit,Online
TN01037,ACN0249,2026-09-23,-1724.53,USD,Withdrawal,ATM
TN01038,ACN0152,2026-09-23,17716.12,USD,Deposit,Online
TN01039,ACN0079,2026-09-23,-6342.83,SAR,Withdrawal,Online
TN01040,ACN0162,2026-09-23,-3810.81,USD,Withdrawal,Mobile
TN01041,ACN0099,2026-09-23,2918.65,USD,Deposit,Online
TN01042,ACN0060,2026-09-23,-5208.34,EUR,Withdrawal,Mobile
TN01043,ACN0199,2026-09-23,387.93,USD,Transfer,Online
TN01044,ACN0228,2026-09-23,-4513.12,USD,Withdrawal,ATM
TN01045,ACN0251,2026-09-23,-51.29,USD,Fee,Mobile
TN01046,ACN0311,2026-09-23,-2953.41,LBP,Withdrawal,Mobile
TN01047,ACN0285,2026-09-23,6198.68,QAR,Transfer,Mobile
TN01048,ACN0004,2026-09-23,227.07,USD,Transfer,ATM
TN01049,ACN0067,2026-09-23,-556.74,USD,Withdrawal,Online
TN01050,ACN0097,2026-09-23,-4338.68,QAR,Withdrawal,Online
TN01051,ACN0112,2026-09-23,11066.2,LBP,Transfer,Mobile
TN01052,ACN0299,2026-09-23,15653.77,QAR,Transfer,Mobile
TN01053,ACN0303,2026-09-23,-108.18,USD,Fee,ATM
TN01054,ACN0112,2026-09-23,10819.68,LBP,Deposit,Branch
TN01055,ACN0044,2026-09-23,-1193.76,SAR,Withdrawal,Mobile
TN01056,ACN0253,2026-09-23,9185.75,USD,Deposit,Branch
TN01057,ACN0015,2026-09-23,-1217.27,LBP,Withdrawal,Mobile
TN01058,ACN0256,2026-09-23,6757.95,USD,Transfer,Mobile
TN01059,ACN0008,2026-09-23,13886.64,QAR,Deposit,ATM
TN01060,ACN0126,2026-09-23,12495.1,USD,Deposit,Branch
TN01061,ACN0067,2026-09-23,15277.21,USD,Transfer,ATM
TN01062,ACN0015,2026-09-23,-1355.64,LBP,Withdrawal,Mobile
TN01063,ACN0005,2026-09-23,-3659.36,EUR,Withdrawal,Mobile
TN01064,ACN0236,2026-09-23,-48.81,USD,Fee,Mobile
TN01065,ACN0170,2026-09-23,-357.1,USD,Withdrawal,Mobile
TN01066,ACN0163,2026-09-23,15866.47,USD,Deposit,Mobile
TN01067,ACN0110,2026-09-23,3117.24,SAR,Transfer,Mobile
TN01068,ACN0131,2026-09-23,11016.04,USD,Deposit,Online
TN01069,ACN0297,2026-09-23,-67.33,USD,Fee,Online
TN01070,ACN0178,2026-09-23,8133.32,USD,Transfer,ATM
TN01071,ACN0277,2026-09-23,5875.69,USD,Transfer,Mobile
TN01072,ACN0055,2026-09-23,818.3,QAR,Transfer,Mobile
TN01073,ACN0295,2026-09-23,-47.92,SAR,Fee,Mobile
TN01074,ACN0005,2026-09-23,13818.46,EUR,Deposit,ATM
TN01075,ACN0181,2026-09-23,-5816.51,USD,Withdrawal,Online
TN01076,ACN0288,2026-09-23,2985,USD,Deposit,Mobile
TN01077,ACN0255,2026-09-23,7791.15,USD,Deposit,Mobile
TN01078,ACN0172,2026-09-23,7463.34,EUR,Transfer,Mobile
TN01079,ACN0122,2026-09-23,310.91,USD,Transfer,Online
TN01080,ACN0004,2026-09-23,-5778.99,USD,Withdrawal,Mobile
TN01081,ACN0198,2026-09-23,9729.45,USD,Transfer,Mobile
TN01082,ACN0096,2026-09-23,10969.18,LBP,Transfer,ATM
TN01083,ACN0209,2026-09-23,9805.77,USD,Transfer,Mobile
TN01084,ACN0028,2026-09-23,-4241.75,USD,Withdrawal,Online
TN01085,ACN0250,2026-09-23,-5564.12,EUR,Withdrawal,Branch
TN01086,ACN0043,2026-09-23,6867.29,SAR,Deposit,Online
TN01087,ACN0081,2026-09-23,-2499,QAR,Withdrawal,ATM
TN01088,ACN0167,2026-09-23,8888.71,SAR,Deposit,Mobile
TN01089,ACN0285,2026-09-23,10727.64,QAR,Transfer,Mobile
TN01090,ACN0279,2026-09-23,-81.72,USD,Fee,Branch
TN01091,ACN0291,2026-09-23,2289.97,LBP,Transfer,Mobile
TN01092,ACN0286,2026-09-23,-2.18,USD,Fee,Mobile
TN01093,ACN0072,2026-09-23,-133.32,LBP,Fee,Mobile
TN01094,ACN0160,2026-09-23,-6601.14,SAR,Withdrawal,Online
TN01095,ACN0068,2026-09-23,-4393.04,USD,Withdrawal,Mobile
TN01096,ACN0141,2026-09-23,10793.48,USD,Transfer,Branch
TN01097,ACN0303,2026-09-23,-125.3,USD,Fee,Online
TN01098,ACN0198,2026-09-23,11961.91,USD,Transfer,Mobile
TN01099,ACN0036,2026-09-23,-72.14,SAR,Fee,Mobile
TN01100,ACN0233,2026-09-23,-110.15,QAR,Fee,Branch
TN01101,ACN0170,2026-09-23,-276.85,USD,Withdrawal,Branch
TN01102,ACN0018,2026-09-23,-11.27,QAR,Fee,Online
TN01103,ACN0168,2026-09-23,1313.1,USD,Transfer,ATM
TN01104,ACN0196,2026-09-23,-2080.45,QAR,Withdrawal,Online
TN01105,ACN0135,2026-09-23,-5751.31,USD,Withdrawal,Mobile
TN01106,ACN0058,2026-09-23,17836.68,LBP,Deposit,ATM
TN01107,ACN0281,2026-09-23,3117.46,USD,Deposit,ATM
TN01108,ACN0095,2026-09-23,-5035.77,USD,Withdrawal,Mobile
TN01109,ACN0197,2026-09-23,12044.22,LBP,Deposit,ATM
TN01110,ACN0067,2026-09-23,-450.76,USD,Withdrawal,Online
TN01111,ACN0242,2026-09-23,-6677.24,USD,Withdrawal,Mobile
TN01112,ACN0046,2026-09-23,7123.63,LBP,Deposit,Mobile
TN01113,ACN0094,2026-09-23,-5.55,USD,Fee,Mobile
TN01114,ACN0289,2026-09-23,5611.2,EUR,Transfer,Mobile
TN01115,ACN0015,2026-09-23,-1090.14,LBP,Withdrawal,Mobile
TN01116,ACN0196,2026-09-23,-2910.52,QAR,Withdrawal,Branch
TN01117,ACN0307,2026-09-23,-521.38,QAR,Withdrawal,Mobile
TN01118,ACN0114,2026-09-23,11948.81,USD,Transfer,Mobile
TN01119,ACN0182,2026-09-23,513.16,USD,Transfer,Mobile
TN01120,ACN0307,2026-09-23,11293.56,QAR,Transfer,Branch
TN01121,ACN0044,2026-09-23,8240.63,SAR,Transfer,Mobile
TN01122,ACN0265,2026-09-23,-113.39,USD,Fee,ATM
TN01123,ACN0244,2026-09-23,-5667.97,USD,Withdrawal,ATM
TN01124,ACN0204,2026-09-23,7161.33,USD,Transfer,Online
TN01125,ACN0206,2026-09-23,6675.34,USD,Transfer,ATM
TN01126,ACN0105,2026-09-23,-5484.61,LBP,Withdrawal,Mobile
TN01127,ACN0044,2026-09-23,13832.88,SAR,Deposit,ATM
TN01128,ACN0058,2026-09-23,-3739.45,LBP,Withdrawal,Mobile
TN01129,ACN0132,2026-09-23,9955.01,LBP,Transfer,Mobile
TN01130,ACN0079,2026-09-23,-5621.32,SAR,Withdrawal,Online
TN01131,ACN0039,2026-09-23,3855.4,USD,Transfer,Online
TN01132,ACN0283,2026-09-23,12549.36,QAR,Deposit,Mobile
TN01133,ACN0018,2026-09-23,8564.56,QAR,Deposit,Online
TN01134,ACN0299,2026-09-23,13167.49,QAR,Transfer,Mobile
TN01135,ACN0302,2026-09-23,-2202.22,QAR,Withdrawal,Online
TN01136,ACN0059,2026-09-23,-142.32,LBP,Withdrawal,ATM
TN01137,ACN0110,2026-09-23,2903.75,SAR,Transfer,Mobile
TN01138,ACN0100,2026-09-23,8703.81,USD,Deposit,Mobile
TN01139,ACN0310,2026-09-23,-1528.66,LBP,Withdrawal,Online
TN01140,ACN0197,2026-09-23,-5607.31,LBP,Withdrawal,Online
TN01141,ACN0282,2026-09-23,9376.35,USD,Transfer,Branch
TN01142,ACN0211,2026-09-23,14696.54,USD,Transfer,Branch
TN01143,ACN0262,2026-09-23,-105.43,SAR,Fee,Mobile
TN01144,ACN0005,2026-09-24,-3201.3,EUR,Withdrawal,Mobile
TN01145,ACN0272,2026-09-24,-1749.63,QAR,Withdrawal,Online
TN01146,ACN0197,2026-09-24,-62.73,LBP,Fee,Branch
TN01147,ACN0185,2026-09-24,5351.5,USD,Deposit,Mobile
TN01148,ACN0204,2026-09-24,5733.5,USD,Transfer,Online
TN01149,ACN0278,2026-09-24,-1392.37,USD,Withdrawal,Online
TN01150,ACN0312,2026-09-24,-102.45,USD,Fee,ATM
TN01151,ACN0068,2026-09-24,-1621.16,USD,Withdrawal,Branch
TN01152,ACN0294,2026-09-24,7541.1,USD,Transfer,Online
TN01153,ACN0007,2026-09-24,7339.32,EUR,Deposit,ATM
TN01154,ACN0225,2026-09-24,9809.64,LBP,Deposit,Online
TN01155,ACN0144,2026-09-24,9781.67,USD,Transfer,Mobile
TN01156,ACN0135,2026-09-24,7134.07,USD,Transfer,ATM
TN01157,ACN0209,2026-09-24,-133.13,USD,Fee,Mobile
TN01158,ACN0096,2026-09-24,-992.87,LBP,Withdrawal,Online
TN01159,ACN0173,2026-09-24,-4050.83,USD,Withdrawal,Online
TN01160,ACN0036,2026-09-24,-1082.56,SAR,Withdrawal,Mobile
TN01161,ACN0177,2026-09-24,7899.4,USD,Transfer,Mobile
TN01162,ACN0081,2026-09-24,3160.15,QAR,Transfer,Online
TN01163,ACN0188,2026-09-24,10399.89,LBP,Transfer,Branch
TN01164,ACN0306,2026-09-24,16722.71,EUR,Deposit,ATM
TN01165,ACN0221,2026-09-24,-694.36,USD,Withdrawal,Mobile
TN01166,ACN0028,2026-09-24,-5348.22,USD,Withdrawal,Branch
TN01167,ACN0305,2026-09-24,-3363.87,USD,Withdrawal,Branch
TN01168,ACN0254,2026-09-24,-2008.45,LBP,Withdrawal,Mobile
TN01169,ACN0166,2026-09-24,-8790.09,LBP,Withdrawal,Mobile
TN01170,ACN0075,2026-09-24,11796.41,USD,Deposit,Online
TN01171,ACN0094,2026-09-24,-9454.39,USD,Withdrawal,ATM
TN01172,ACN0302,2026-09-24,-2224.57,QAR,Withdrawal,Online
TN01173,ACN0230,2026-09-24,18074.81,SAR,Deposit,Branch
TN01174,ACN0195,2026-09-24,-7072.36,USD,Withdrawal,Mobile
TN01175,ACN0192,2026-09-24,-2577.7,USD,Withdrawal,Branch
TN01176,ACN0179,2026-09-24,12639.48,USD,Transfer,Mobile
TN01177,ACN0184,2026-09-24,-75.55,SAR,Fee,ATM
TN01178,ACN0143,2026-09-24,6031.84,USD,Transfer,Mobile
TN01179,ACN0147,2026-09-24,17685.45,USD,Transfer,ATM
TN01180,ACN0095,2026-09-24,-5411.18,USD,Withdrawal,Mobile
TN01181,ACN0050,2026-09-24,-58.47,USD,Fee,Mobile
TN01182,ACN0009,2026-09-24,1576.19,SAR,Deposit,Mobile
TN01183,ACN0299,2026-09-24,6452.15,QAR,Transfer,ATM
TN01184,ACN0075,2026-09-24,-7666.13,USD,Withdrawal,Branch
TN01185,ACN0302,2026-09-24,2797.32,QAR,Transfer,ATM
TN01186,ACN0058,2026-09-24,-3641.04,LBP,Withdrawal,ATM
TN01187,ACN0078,2026-09-24,-1633.41,QAR,Withdrawal,Mobile
TN01188,ACN0282,2026-09-24,7202.67,USD,Transfer,Branch
TN01189,ACN0225,2026-09-24,14118.21,LBP,Deposit,Online
TN01190,ACN0091,2026-09-24,2787.13,USD,Deposit,Mobile
TN01191,ACN0130,2026-09-24,4797.85,USD,Transfer,Online
TN01192,ACN0110,2026-09-24,10908.49,SAR,Transfer,ATM
TN01193,ACN0077,2026-09-24,5251.13,EUR,Deposit,ATM
TN01194,ACN0102,2026-09-24,-1407.65,LBP,Withdrawal,Branch
TN01195,ACN0053,2026-09-24,2886.3,LBP,Deposit,Online
TN01196,ACN0037,2026-09-24,4938.15,USD,Transfer,Online
TN01197,ACN0046,2026-09-24,-4025.34,LBP,Withdrawal,Mobile
TN01198,ACN0206,2026-09-24,6838.91,USD,Transfer,ATM
TN01199,ACN0185,2026-09-24,-5338.36,USD,Withdrawal,Online
TN01200,ACN0111,2026-09-24,-67.56,EUR,Fee,ATM
TN01201,ACN0007,2026-09-24,7523.06,EUR,Deposit,ATM
TN01202,ACN0256,2026-09-24,10458.64,USD,Deposit,Mobile
TN01203,ACN0193,2026-09-24,-7576.69,USD,Withdrawal,Mobile
TN01204,ACN0262,2026-09-24,-4531.36,SAR,Withdrawal,ATM
TN01205,ACN0259,2026-09-24,-6510.27,LBP,Withdrawal,Online
TN01206,ACN0288,2026-09-24,2111.51,USD,Transfer,Mobile
TN01207,ACN0053,2026-09-24,8580.05,LBP,Transfer,Mobile
TN01208,ACN0116,2026-09-24,3275.73,USD,Deposit,Mobile
TN01209,ACN0116,2026-09-24,12871.32,USD,Transfer,Mobile
TN01210,ACN0232,2026-09-24,15338.66,SAR,Transfer,Mobile
TN01211,ACN0104,2026-09-24,-2686.16,USD,Withdrawal,Online
TN01212,ACN0003,2026-09-24,-7163.55,USD,Withdrawal,Mobile
TN01213,ACN0044,2026-09-24,14602.87,SAR,Deposit,ATM
TN01214,ACN0150,2026-09-24,-50.08,USD,Fee,ATM
TN01215,ACN0067,2026-09-24,-4709.92,USD,Withdrawal,ATM
TN01216,ACN0127,2026-09-24,21166.5,USD,Deposit,Mobile
TN01217,ACN0013,2026-09-24,-9.84,LBP,Fee,Online
TN01218,ACN0148,2026-09-24,4399.9,USD,Transfer,Online
TN01219,ACN0070,2026-09-24,5315.07,USD,Deposit,Branch
TN01220,ACN0265,2026-09-24,-8034.15,USD,Withdrawal,ATM
TN01221,ACN0281,2026-09-24,7373.64,USD,Deposit,Branch
TN01222,ACN0024,2026-09-24,-5260.26,USD,Withdrawal,Branch
TN01223,ACN0160,2026-09-24,-7143.09,SAR,Withdrawal,Online
TN01224,ACN0251,2026-09-24,-534.52,USD,Withdrawal,Mobile
TN01225,ACN0037,2026-09-24,17661.18,USD,Deposit,ATM
TN01226,ACN0303,2026-09-24,-120.94,USD,Fee,Online
TN01227,ACN0057,2026-09-24,14165.97,QAR,Transfer,ATM
TN01228,ACN0266,2026-09-24,-87.06,LBP,Fee,Mobile
TN01229,ACN0103,2026-09-24,-116.48,USD,Fee,Online
TN01230,ACN0179,2026-09-24,14755.58,USD,Deposit,Online
TN01231,ACN0238,2026-09-24,3901.59,QAR,Deposit,Online
TN01232,ACN0124,2026-09-24,1343.12,USD,Transfer,Branch
TN01233,ACN0252,2026-09-24,13329.65,QAR,Transfer,ATM
TN01234,ACN0052,2026-09-24,10512.63,USD,Transfer,ATM
TN01235,ACN0274,2026-09-24,-1199.22,QAR,Withdrawal,Mobile
TN01236,ACN0311,2026-09-24,16918.32,LBP,Deposit,Online
TN01237,ACN0102,2026-09-24,9109.58,LBP,Deposit,ATM
TN01238,ACN0206,2026-09-24,12566.27,USD,Transfer,Online
TN01239,ACN0249,2026-09-24,7683.79,USD,Deposit,Branch
TN01240,ACN0150,2026-09-24,-3625.2,USD,Withdrawal,Mobile
TN01241,ACN0244,2026-09-24,-5261.16,USD,Withdrawal,ATM
TN01242,ACN0234,2026-09-24,-8355.33,EUR,Withdrawal,Mobile
TN01243,ACN0094,2026-09-24,18752.83,USD,Deposit,Mobile
TN01244,ACN0196,2026-09-24,14500.95,QAR,Deposit,Mobile
TN01245,ACN0079,2026-09-24,6909.41,SAR,Deposit,ATM
TN01246,ACN0253,2026-09-24,1711.06,USD,Deposit,Mobile
TN01247,ACN0069,2026-09-24,17736.92,USD,Deposit,ATM
TN01248,ACN0148,2026-09-24,13567.68,USD,Deposit,Mobile
TN01249,ACN0233,2026-09-24,-101.64,QAR,Fee,Branch
TN01250,ACN0301,2026-09-24,-4526.9,EUR,Withdrawal,ATM
TN01251,ACN0110,2026-09-24,-2014.4,SAR,Withdrawal,ATM
TN01252,ACN0067,2026-09-24,-3918.07,USD,Withdrawal,ATM
TN01253,ACN0107,2026-09-24,-2621.25,USD,Withdrawal,ATM
TN01254,ACN0167,2026-09-24,17591.69,SAR,Deposit,Mobile
TN01255,ACN0273,2026-09-24,5434.02,USD,Transfer,Mobile
TN01256,ACN0286,2026-09-24,-2.47,USD,Fee,Mobile
TN01257,ACN0160,2026-09-24,16416.87,SAR,Deposit,Online
TN01258,ACN0284,2026-09-24,-22.71,USD,Fee,Mobile
TN01259,ACN0147,2026-09-24,13718.37,USD,Deposit,Mobile
TN01260,ACN0075,2026-09-24,3846.77,USD,Transfer,Online
TN01261,ACN0154,2026-09-24,-5312.82,QAR,Withdrawal,Branch
TN01262,ACN0283,2026-09-24,22462.12,QAR,Deposit,Branch
TN01263,ACN0041,2026-09-24,-6635.5,SAR,Withdrawal,ATM
TN01264,ACN0097,2026-09-24,3245.55,QAR,Deposit,ATM
TN01265,ACN0115,2026-09-24,14543.07,QAR,Deposit,ATM
TN01266,ACN0168,2026-09-24,1429.88,USD,Transfer,ATM
TN01267,ACN0035,2026-09-24,-130.7,QAR,Fee,Online
TN01268,ACN0199,2026-09-24,3353.37,USD,Transfer,ATM
TN01269,ACN0027,2026-09-24,5599.53,EUR,Transfer,Mobile
TN01270,ACN0147,2026-09-24,17631.18,USD,Deposit,Mobile
TN01271,ACN0281,2026-09-24,7152.88,USD,Deposit,Mobile
TN01272,ACN0179,2026-09-24,10898.91,USD,Transfer,Mobile
TN01273,ACN0170,2026-09-24,-251.64,USD,Withdrawal,Branch
TN01274,ACN0246,2026-09-24,8178.29,USD,Transfer,Mobile
TN01275,ACN0051,2026-09-24,19526.72,USD,Deposit,Branch
TN01276,ACN0069,2026-09-24,8189.87,USD,Transfer,Branch
TN01277,ACN0046,2026-09-24,-3276.07,LBP,Withdrawal,Mobile
TN01278,ACN0124,2026-09-24,14152.46,USD,Deposit,Branch
TN01279,ACN0142,2026-09-24,15168.88,EUR,Deposit,Mobile
TN01280,ACN0125,2026-09-24,1799.86,USD,Deposit,Online
TN01281,ACN0043,2026-09-24,-2737.54,SAR,Withdrawal,Online
TN01282,ACN0158,2026-09-24,12939.64,USD,Transfer,ATM
TN01283,ACN0166,2026-09-24,-7509.8,LBP,Withdrawal,Mobile
TN01284,ACN0140,2026-09-24,-4009.74,USD,Withdrawal,ATM
TN01285,ACN0278,2026-09-24,-6634.45,USD,Withdrawal,ATM
TN01286,ACN0167,2026-09-24,8433.54,SAR,Deposit,Mobile
TN01287,ACN0231,2026-09-24,-5634.28,USD,Withdrawal,Online
TN01288,ACN0162,2026-09-24,-3895.36,USD,Withdrawal,Mobile
TN01289,ACN0005,2026-09-24,-7170.78,EUR,Withdrawal,ATM
TN01290,ACN0075,2026-09-24,7158.61,USD,Deposit,Branch
TN01291,ACN0017,2026-09-24,9246.35,LBP,Deposit,Mobile
TN01292,ACN0211,2026-09-24,1717.81,USD,Deposit,ATM
TN01293,ACN0245,2026-09-24,5882.99,USD,Deposit,Mobile
TN01294,ACN0050,2026-09-24,-60.25,USD,Fee,Mobile
TN01295,ACN0158,2026-09-24,11901.55,USD,Transfer,ATM
TN01296,ACN0288,2026-09-25,2330.48,USD,Deposit,Mobile
TN01297,ACN0283,2026-09-25,2816.32,QAR,Deposit,Mobile
TN01298,ACN0144,2026-09-25,-109.19,USD,Fee,Mobile
TN01299,ACN0226,2026-09-25,-3.86,USD,Fee,Branch
TN01300,ACN0183,2026-09-25,14841.22,USD,Transfer,Online
TN01301,ACN0116,2026-09-25,-4946.4,USD,Withdrawal,Mobile
TN01302,ACN0058,2026-09-25,-8736.96,LBP,Withdrawal,Mobile
TN01303,ACN0298,2026-09-25,305.36,USD,Deposit,ATM
TN01304,ACN0110,2026-09-25,-1967.84,SAR,Withdrawal,ATM
TN01305,ACN0250,2026-09-25,12294.21,EUR,Deposit,Mobile
TN01306,ACN0146,2026-09-25,-6643.13,EUR,Withdrawal,Online
TN01307,ACN0150,2026-09-25,-3237.04,USD,Withdrawal,Mobile
TN01308,ACN0268,2026-09-25,11544.18,USD,Transfer,ATM
TN01309,ACN0185,2026-09-25,-4702.3,USD,Withdrawal,Online
TN01310,ACN0012,2026-09-25,-4992.89,LBP,Withdrawal,Mobile
TN01311,ACN0017,2026-09-25,-3213.88,LBP,Withdrawal,Branch
TN01312,ACN0112,2026-09-25,19022.85,LBP,Deposit,Online
TN01313,ACN0094,2026-09-25,18238.32,USD,Deposit,Mobile
TN01314,ACN0041,2026-09-25,-79.88,SAR,Fee,Mobile
TN01315,ACN0222,2026-09-25,15394.45,EUR,Transfer,ATM
TN01316,ACN0087,2026-09-25,-4818.7,EUR,Withdrawal,ATM
TN01317,ACN0132,2026-09-25,10697.29,LBP,Deposit,Online
TN01318,ACN0263,2026-09-25,4903.53,EUR,Deposit,Mobile
TN01319,ACN0081,2026-09-25,14237.11,QAR,Deposit,ATM
TN01320,ACN0006,2026-09-25,11820.96,USD,Deposit,Mobile
TN01321,ACN0269,2026-09-25,-1499.34,LBP,Withdrawal,Online
TN01322,ACN0075,2026-09-25,14057.85,USD,Deposit,Branch
TN01323,ACN0273,2026-09-25,2042.24,USD,Deposit,Online
TN01324,ACN0175,2026-09-25,5715.06,USD,Deposit,ATM
TN01325,ACN0293,2026-09-25,9471.82,SAR,Transfer,Mobile
TN01326,ACN0285,2026-09-25,10458.34,QAR,Transfer,Mobile
TN01327,ACN0253,2026-09-25,1422.75,USD,Deposit,Mobile
TN01328,ACN0177,2026-09-25,2684.1,USD,Deposit,Mobile
TN01329,ACN0123,2026-09-25,859.42,USD,Deposit,Mobile
TN01330,ACN0052,2026-09-25,17299.45,USD,Deposit,Mobile
TN01331,ACN0131,2026-09-25,11385.2,USD,Deposit,Online
TN01332,ACN0210,2026-09-25,4699.46,SAR,Transfer,Mobile
TN01333,ACN0309,2026-09-25,9420.38,SAR,Transfer,Online
TN01334,ACN0038,2026-09-25,-6971.84,USD,Withdrawal,Mobile
TN01335,ACN0297,2026-09-25,-3274.33,USD,Withdrawal,Branch
TN01336,ACN0301,2026-09-25,-4973.09,EUR,Withdrawal,ATM
TN01337,ACN0204,2026-09-25,8955.08,USD,Deposit,Mobile
TN01338,ACN0090,2026-09-25,-52.04,USD,Fee,Mobile
TN01339,ACN0280,2026-09-25,3857.55,LBP,Deposit,Mobile
TN01340,ACN0073,2026-09-25,10080.08,SAR,Transfer,Mobile
TN01341,ACN0064,2026-09-25,-83.83,USD,Fee,Mobile
TN01342,ACN0059,2026-09-25,-160.56,LBP,Withdrawal,ATM
TN01343,ACN0028,2026-09-25,15308.64,USD,Deposit,Mobile
TN01344,ACN0026,2026-09-25,-3977.04,EUR,Withdrawal,Mobile
TN01345,ACN0160,2026-09-25,12687.32,SAR,Deposit,Online
TN01346,ACN0173,2026-09-25,13348.38,USD,Transfer,Mobile
TN01347,ACN0135,2026-09-25,10034.61,USD,Transfer,ATM
TN01348,ACN0150,2026-09-25,-47.09,USD,Fee,ATM
TN01349,ACN0088,2026-09-25,-2562.93,USD,Withdrawal,ATM
TN01350,ACN0301,2026-09-25,-1867.82,EUR,Withdrawal,ATM
TN01351,ACN0157,2026-09-25,14269.27,USD,Deposit,Branch
TN01352,ACN0189,2026-09-25,9914.73,EUR,Transfer,Mobile
TN01353,ACN0193,2026-09-25,-6489.02,USD,Withdrawal,Mobile
TN01354,ACN0250,2026-09-25,-5203.17,EUR,Withdrawal,Branch
TN01355,ACN0132,2026-09-25,11007.38,LBP,Transfer,Mobile
TN01356,ACN0025,2026-09-25,21066.42,USD,Deposit,Mobile
TN01357,ACN0109,2026-09-25,8182.32,LBP,Deposit,ATM
TN01358,ACN0274,2026-09-25,-132.4,QAR,Fee,Mobile
TN01359,ACN0226,2026-09-25,3650.61,USD,Transfer,Mobile
TN01360,ACN0135,2026-09-25,8121.47,USD,Transfer,ATM
TN01361,ACN0223,2026-09-25,13612.32,USD,Transfer,Mobile
TN01362,ACN0011,2026-09-25,-3157.26,USD,Withdrawal,Online
TN01363,ACN0181,2026-09-25,-8807.72,USD,Withdrawal,Mobile
TN01364,ACN0206,2026-09-25,6516.44,USD,Transfer,Online
TN01365,ACN0156,2026-09-25,12002.97,USD,Deposit,Mobile
TN01366,ACN0056,2026-09-25,3655.19,USD,Transfer,Branch
TN01367,ACN0220,2026-09-25,15135.41,EUR,Deposit,Branch
TN01368,ACN0229,2026-09-25,9439.24,SAR,Deposit,Online
TN01369,ACN0081,2026-09-25,-1808.49,QAR,Withdrawal,Mobile
TN01370,ACN0203,2026-09-25,17946.31,USD,Deposit,ATM
TN01371,ACN0135,2026-09-25,-3020.57,USD,Withdrawal,Branch
TN01372,ACN0146,2026-09-25,-2604.71,EUR,Withdrawal,Online
TN01373,ACN0241,2026-09-25,-325.27,LBP,Withdrawal,Online
TN01374,ACN0289,2026-09-25,7171.45,EUR,Transfer,Mobile
TN01375,ACN0102,2026-09-25,6512.58,LBP,Deposit,Mobile
TN01376,ACN0112,2026-09-25,17531.8,LBP,Deposit,Online
TN01377,ACN0288,2026-09-25,10967.58,USD,Deposit,Online
TN01378,ACN0170,2026-09-25,4444.01,USD,Deposit,Mobile
TN01379,ACN0297,2026-09-25,-1392.65,USD,Withdrawal,Mobile
TN01380,ACN0154,2026-09-25,3639.07,QAR,Transfer,Online
TN01381,ACN0246,2026-09-25,9937.43,USD,Transfer,Branch
TN01382,ACN0141,2026-09-25,15832.46,USD,Deposit,Branch
TN01383,ACN0184,2026-09-25,13310.33,SAR,Deposit,Branch
TN01384,ACN0274,2026-09-25,-222.98,QAR,Withdrawal,Branch
TN01385,ACN0143,2026-09-25,6523.72,USD,Transfer,Mobile
TN01386,ACN0081,2026-09-25,-1687.87,QAR,Withdrawal,Mobile
TN01387,ACN0008,2026-09-25,-8898.26,QAR,Withdrawal,Branch
TN01388,ACN0010,2026-09-25,14506.92,QAR,Deposit,Online
TN01389,ACN0197,2026-09-25,-6637.52,LBP,Withdrawal,Online
TN01390,ACN0197,2026-09-25,13185.81,LBP,Deposit,Mobile
TN01391,ACN0195,2026-09-25,14611.98,USD,Deposit,Mobile
TN01392,ACN0075,2026-09-25,13819.8,USD,Deposit,Online
TN01393,ACN0126,2026-09-25,19903.1,USD,Deposit,Mobile
TN01394,ACN0114,2026-09-25,12706.93,USD,Transfer,Mobile
TN01395,ACN0246,2026-09-25,8389.27,USD,Transfer,Mobile
TN01396,ACN0135,2026-09-25,-3354.08,USD,Withdrawal,Branch
TN01397,ACN0068,2026-09-25,-5984.8,USD,Withdrawal,Mobile
TN01398,ACN0246,2026-09-25,8726.22,USD,Transfer,Branch
TN01399,ACN0261,2026-09-25,12264.18,USD,Transfer,ATM
TN01400,ACN0212,2026-09-25,-6229.77,LBP,Withdrawal,ATM
TN01401,ACN0306,2026-09-25,17335.56,EUR,Deposit,ATM
TN01402,ACN0259,2026-09-25,2307.53,LBP,Transfer,ATM
TN01403,ACN0218,2026-09-25,-6504.72,USD,Withdrawal,Mobile
TN01404,ACN0166,2026-09-25,-1921.66,LBP,Withdrawal,ATM
TN01405,ACN0124,2026-09-25,1443.94,USD,Transfer,Branch
TN01406,ACN0211,2026-09-25,15274.96,USD,Transfer,Branch
TN01407,ACN0160,2026-09-25,-4644.12,SAR,Withdrawal,Mobile
TN01408,ACN0108,2026-09-25,11919.37,USD,Transfer,Online
TN01409,ACN0048,2026-09-25,105.24,SAR,Transfer,Branch
TN01410,ACN0150,2026-09-25,502,USD,Deposit,ATM
TN01411,ACN0008,2026-09-25,7992.53,QAR,Transfer,Mobile
TN01412,ACN0003,2026-09-25,-7543.29,USD,Withdrawal,Mobile
TN01413,ACN0212,2026-09-25,-2076.1,LBP,Withdrawal,ATM
TN01414,ACN0106,2026-09-25,-870.99,USD,Withdrawal,Mobile
TN01415,ACN0285,2026-09-25,7378.75,QAR,Deposit,Branch
TN01416,ACN0011,2026-09-25,-3791.93,USD,Withdrawal,Online
TN01417,ACN0283,2026-09-25,18644.98,QAR,Deposit,Branch
TN01418,ACN0063,2026-09-25,-3518.11,QAR,Withdrawal,Mobile
TN01419,ACN0058,2026-09-25,-2970.18,LBP,Withdrawal,ATM
TN01420,ACN0204,2026-09-25,7576.7,USD,Deposit,Mobile
TN01421,ACN0068,2026-09-25,-71.33,USD,Fee,Mobile
TN01422,ACN0028,2026-09-25,12739.01,USD,Deposit,Mobile
TN01423,ACN0158,2026-09-25,15322.56,USD,Transfer,ATM
TN01424,ACN0291,2026-09-25,1843.93,LBP,Transfer,Mobile
TN01425,ACN0167,2026-09-25,11829.81,SAR,Transfer,Branch
TN01426,ACN0225,2026-09-25,15001.32,LBP,Deposit,Online
TN01427,ACN0031,2026-09-25,7473.8,USD,Transfer,ATM
TN01428,ACN0299,2026-09-25,-2104.16,QAR,Withdrawal,Mobile
TN01429,ACN0198,2026-09-25,8625.09,USD,Transfer,Mobile
TN01430,ACN0157,2026-09-25,-5768.79,USD,Withdrawal,ATM
TN01431,ACN0132,2026-09-25,9223.49,LBP,Transfer,Mobile
TN01432,ACN0162,2026-09-25,7632,USD,Deposit,Mobile
TN01433,ACN0255,2026-09-25,11419.34,USD,Deposit,Mobile
TN01434,ACN0125,2026-09-25,5532.01,USD,Deposit,Online
TN01435,ACN0278,2026-09-25,-1141.09,USD,Withdrawal,Online
TN01436,ACN0274,2026-09-25,-262.87,QAR,Withdrawal,Branch
TN01437,ACN0196,2026-09-25,-2799.22,QAR,Withdrawal,Branch
TN01438,ACN0081,2026-09-25,12638.11,QAR,Deposit,ATM
TN01439,ACN0075,2026-09-25,6767.56,USD,Deposit,Branch
TN01440,ACN0234,2026-09-25,-8811.92,EUR,Withdrawal,ATM
TN01441,ACN0286,2026-09-25,3124.76,USD,Transfer,Mobile
TN01442,ACN0183,2026-09-25,-7887.19,USD,Withdrawal,Mobile
TN01443,ACN0309,2026-09-25,2780.6,SAR,Transfer,Branch
TN01444,ACN0310,2026-09-25,-2669.73,LBP,Withdrawal,ATM
TN01445,ACN0245,2026-09-26,6068.98,USD,Deposit,Mobile
TN01446,ACN0017,2026-09-26,8518.18,LBP,Deposit,Mobile
TN01447,ACN0011,2026-09-26,-3456.12,USD,Withdrawal,Online
TN01448,ACN0041,2026-09-26,-75.32,SAR,Fee,Mobile
TN01449,ACN0135,2026-09-26,-3231.22,USD,Withdrawal,Branch
TN01450,ACN0233,2026-09-26,-1466.73,QAR,Withdrawal,Mobile
TN01451,ACN0168,2026-09-26,1444.68,USD,Transfer,ATM
TN01452,ACN0206,2026-09-26,5993.32,USD,Transfer,Online
TN01453,ACN0081,2026-09-26,-1674.48,QAR,Withdrawal,Mobile
TN01454,ACN0281,2026-09-26,754.38,USD,Transfer,Branch
TN01455,ACN0310,2026-09-26,-3889.3,LBP,Withdrawal,Mobile
TN01456,ACN0212,2026-09-26,4195.41,LBP,Deposit,Mobile
TN01457,ACN0271,2026-09-26,13246.5,USD,Deposit,ATM
TN01458,ACN0043,2026-09-26,-8026.92,SAR,Withdrawal,Branch
TN01459,ACN0283,2026-09-26,23179.92,QAR,Deposit,Online
TN01460,ACN0005,2026-09-26,5296.76,EUR,Transfer,Mobile
TN01461,ACN0146,2026-09-26,-2177.53,EUR,Withdrawal,Online
TN01462,ACN0036,2026-09-26,13978.47,SAR,Deposit,Mobile
TN01463,ACN0110,2026-09-26,-2413.72,SAR,Withdrawal,ATM
TN01464,ACN0081,2026-09-26,-6.18,QAR,Fee,Mobile
TN01465,ACN0094,2026-09-26,-11287.87,USD,Withdrawal,ATM
TN01466,ACN0197,2026-09-26,-6602.96,LBP,Withdrawal,Online
TN01467,ACN0265,2026-09-26,-4022.23,USD,Withdrawal,Online
TN01468,ACN0285,2026-09-26,9010.19,QAR,Transfer,Mobile
TN01469,ACN0092,2026-09-26,-66.72,USD,Fee,Online
TN01470,ACN0191,2026-09-26,-18.74,USD,Fee,Online
TN01471,ACN0148,2026-09-26,13343.45,USD,Deposit,ATM
TN01472,ACN0299,2026-09-26,11300.57,QAR,Transfer,Mobile
TN01473,ACN0124,2026-09-26,1148.59,USD,Transfer,Branch
TN01474,ACN0052,2026-09-26,18023.64,USD,Deposit,Mobile
TN01475,ACN0293,2026-09-26,-80.21,SAR,Fee,ATM
TN01476,ACN0179,2026-09-26,10641.54,USD,Transfer,Mobile
TN01477,ACN0276,2026-09-26,-7064.14,QAR,Withdrawal,Mobile
TN01478,ACN0102,2026-09-26,-5272.75,LBP,Withdrawal,Mobile
TN01479,ACN0255,2026-09-26,11609.65,USD,Deposit,Mobile
TN01480,ACN0187,2026-09-26,4390.54,USD,Transfer,ATM
TN01481,ACN0095,2026-09-26,-4582.39,USD,Withdrawal,Mobile
TN01482,ACN0238,2026-09-26,-369.02,QAR,Withdrawal,Mobile
TN01483,ACN0079,2026-09-26,-6258.75,SAR,Withdrawal,Online
TN01484,ACN0114,2026-09-26,-1827.19,USD,Withdrawal,Mobile
TN01485,ACN0170,2026-09-26,-277.05,USD,Withdrawal,Branch
TN01486,ACN0192,2026-09-26,-2289.58,USD,Withdrawal,Branch
TN01487,ACN0294,2026-09-26,6955.38,USD,Transfer,Online
TN01488,ACN0100,2026-09-26,-4013.98,USD,Withdrawal,Mobile
TN01489,ACN0255,2026-09-26,9801.81,USD,Deposit,Mobile
TN01490,ACN0064,2026-09-26,-88.16,USD,Fee,Mobile
TN01491,ACN0052,2026-09-26,8583.5,USD,Transfer,ATM
TN01492,ACN0051,2026-09-26,17069.4,USD,Deposit,Branch
TN01493,ACN0160,2026-09-26,-138.22,SAR,Fee,Online
TN01494,ACN0218,2026-09-26,13239.95,USD,Deposit,Branch
TN01495,ACN0167,2026-09-26,-2495.46,SAR,Withdrawal,Branch
TN01496,ACN0144,2026-09-26,8049.31,USD,Transfer,ATM
TN01497,ACN0077,2026-09-26,4902.34,EUR,Deposit,ATM
TN01498,ACN0226,2026-09-26,-106.4,USD,Fee,Mobile
TN01499,ACN0043,2026-09-26,-162.33,SAR,Fee,Mobile
TN01500,ACN0226,2026-09-26,-7865.28,USD,Withdrawal,ATM
TN01501,ACN0152,2026-09-26,-3655.65,USD,Withdrawal,ATM
TN01502,ACN0112,2026-09-26,-2965.56,LBP,Withdrawal,Branch
TN01503,ACN0112,2026-09-26,11944.36,LBP,Transfer,Mobile
TN01504,ACN0177,2026-09-26,2036.25,USD,Deposit,Mobile
TN01505,ACN0095,2026-09-26,6788.29,USD,Deposit,Branch
TN01506,ACN0060,2026-09-26,10061.8,EUR,Deposit,Mobile
TN01507,ACN0206,2026-09-26,11186.39,USD,Transfer,Online
TN01508,ACN0230,2026-09-26,23216.17,SAR,Deposit,Branch
TN01509,ACN0147,2026-09-26,17232.01,USD,Deposit,Mobile
TN01510,ACN0008,2026-09-26,-9051.5,QAR,Withdrawal,Branch
TN01511,ACN0296,2026-09-26,20980.47,LBP,Deposit,Mobile
TN01512,ACN0090,2026-09-26,-42.03,USD,Fee,Mobile
TN01513,ACN0302,2026-09-26,-1923.44,QAR,Withdrawal,Online
TN01514,ACN0135,2026-09-26,-3657.25,USD,Withdrawal,Branch
TN01515,ACN0102,2026-09-26,8466.42,LBP,Deposit,ATM
TN01516,ACN0068,2026-09-26,-4557.64,USD,Withdrawal,Mobile
TN01517,ACN0150,2026-09-26,-813.61,USD,Withdrawal,Mobile
TN01518,ACN0254,2026-09-26,-3484.49,LBP,Withdrawal,ATM
TN01519,ACN0081,2026-09-26,-1890.82,QAR,Withdrawal,Mobile
TN01520,ACN0087,2026-09-26,-4091.26,EUR,Withdrawal,ATM
TN01521,ACN0238,2026-09-26,-2681.06,QAR,Withdrawal,Online
TN01522,ACN0177,2026-09-26,20360.93,USD,Deposit,ATM
TN01523,ACN0095,2026-09-26,-5006.31,USD,Withdrawal,Mobile
TN01524,ACN0305,2026-09-26,-23.13,USD,Fee,Mobile
TN01525,ACN0262,2026-09-26,-4666.45,SAR,Withdrawal,ATM
TN01526,ACN0006,2026-09-26,11220.04,USD,Deposit,Mobile
TN01527,ACN0134,2026-09-26,6050.59,USD,Deposit,Branch
TN01528,ACN0114,2026-09-26,1556.69,USD,Deposit,Branch
TN01529,ACN0148,2026-09-26,-180.27,USD,Withdrawal,Online
TN01530,ACN0052,2026-09-26,17564.38,USD,Deposit,Mobile
TN01531,ACN0166,2026-09-26,-7989.78,LBP,Withdrawal,Mobile
TN01532,ACN0050,2026-09-26,-59.56,USD,Fee,Mobile
TN01533,ACN0313,2026-09-26,-57.66,USD,Fee,Mobile
TN01534,ACN0288,2026-09-26,2361.46,USD,Transfer,Mobile
TN01535,ACN0273,2026-09-26,2364.81,USD,Deposit,Online
TN01536,ACN0175,2026-09-26,8794.62,USD,Transfer,ATM
TN01537,ACN0274,2026-09-26,-1095.71,QAR,Withdrawal,Mobile
TN01538,ACN0156,2026-09-26,12176.17,USD,Deposit,Mobile
TN01539,ACN0106,2026-09-26,7646.66,USD,Transfer,Online
TN01540,ACN0150,2026-09-26,-8203.07,USD,Withdrawal,Branch
TN01541,ACN0102,2026-09-26,-6377,LBP,Withdrawal,Mobile
TN01542,ACN0103,2026-09-26,-118.07,USD,Fee,Mobile
TN01543,ACN0178,2026-09-26,9166.78,USD,Transfer,ATM
TN01544,ACN0160,2026-09-26,6544.91,SAR,Deposit,Online
TN01545,ACN0309,2026-09-26,22114.82,SAR,Deposit,Mobile
TN01546,ACN0178,2026-09-26,7732.69,USD,Deposit,Mobile
TN01547,ACN0015,2026-09-26,-1296.29,LBP,Withdrawal,Mobile
TN01548,ACN0297,2026-09-26,10367.17,USD,Transfer,Online
TN01549,ACN0143,2026-09-26,7224.83,USD,Transfer,Mobile
TN01550,ACN0143,2026-09-26,6650.16,USD,Transfer,Mobile
TN01551,ACN0304,2026-09-26,3324.94,LBP,Deposit,Mobile
TN01552,ACN0113,2026-09-26,7095.37,SAR,Deposit,Mobile
TN01553,ACN0265,2026-09-26,-103.82,USD,Fee,ATM
TN01554,ACN0096,2026-09-26,11067.69,LBP,Transfer,ATM
TN01555,ACN0214,2026-09-26,-98.06,LBP,Fee,Mobile
TN01556,ACN0108,2026-09-26,13080.95,USD,Deposit,Online
TN01557,ACN0166,2026-09-26,-10406.26,LBP,Withdrawal,Mobile
TN01558,ACN0289,2026-09-26,6360.74,EUR,Transfer,Mobile
TN01559,ACN0123,2026-09-26,1811.85,USD,Deposit,Mobile
TN01560,ACN0267,2026-09-26,5278.25,USD,Deposit,Mobile
TN01561,ACN0184,2026-09-26,-1935.4,SAR,Withdrawal,Mobile
TN01562,ACN0186,2026-09-26,5550.8,USD,Deposit,Mobile
TN01563,ACN0132,2026-09-26,14190.13,LBP,Deposit,Online
TN01564,ACN0162,2026-09-26,7974.7,USD,Deposit,Mobile
TN01565,ACN0263,2026-09-26,-3814.26,EUR,Withdrawal,Mobile
TN01566,ACN0294,2026-09-26,6704.39,USD,Transfer,Online
TN01567,ACN0091,2026-09-26,2744.97,USD,Deposit,Mobile
TN01568,ACN0068,2026-09-26,-5281.18,USD,Withdrawal,Mobile
TN01569,ACN0262,2026-09-26,-4530.19,SAR,Withdrawal,ATM
TN01570,ACN0077,2026-09-26,16590.37,EUR,Transfer,ATM
TN01571,ACN0147,2026-09-26,16619.68,USD,Deposit,Mobile
TN01572,ACN0096,2026-09-26,-923.13,LBP,Withdrawal,Online
TN01573,ACN0088,2026-09-26,-2458.24,USD,Withdrawal,ATM
TN01574,ACN0232,2026-09-26,12113.23,SAR,Transfer,Mobile
TN01575,ACN0196,2026-09-26,-2420.88,QAR,Withdrawal,Mobile
TN01576,ACN0003,2026-09-26,4538.76,USD,Transfer,ATM
TN01577,ACN0126,2026-09-26,10570.64,USD,Deposit,Branch
TN01578,ACN0132,2026-09-26,12293.54,LBP,Deposit,Online
TN01579,ACN0205,2026-09-26,-3492.15,LBP,Withdrawal,ATM
TN01580,ACN0202,2026-09-26,12971.41,SAR,Deposit,Mobile
TN01581,ACN0116,2026-09-26,-5340.37,USD,Withdrawal,Mobile
TN01582,ACN0028,2026-09-26,13985.04,USD,Transfer,Online
TN01583,ACN0080,2026-09-26,7877.17,USD,Deposit,Mobile
TN01584,ACN0150,2026-09-26,13317.81,USD,Transfer,Online
TN01585,ACN0025,2026-09-26,-7455.29,USD,Withdrawal,Branch
TN01586,ACN0305,2026-09-26,-20.59,USD,Fee,Mobile
TN01587,ACN0206,2026-09-26,-1384.4,USD,Withdrawal,Mobile
TN01588,ACN0310,2026-09-26,-4678.4,LBP,Withdrawal,Mobile
TN01589,ACN0220,2026-09-26,12119.91,EUR,Deposit,Branch
TN01590,ACN0229,2026-09-27,-8314.8,SAR,Withdrawal,ATM
TN01591,ACN0010,2026-09-27,13147.04,QAR,Deposit,Online
TN01592,ACN0038,2026-09-27,-5940.36,USD,Withdrawal,Mobile
TN01593,ACN0234,2026-09-27,-9089.68,EUR,Withdrawal,ATM
TN01594,ACN0041,2026-09-27,-6133.37,SAR,Withdrawal,ATM
TN01595,ACN0102,2026-09-27,-1199.44,LBP,Withdrawal,Branch
TN01596,ACN0253,2026-09-27,-2088.75,USD,Withdrawal,Mobile
TN01597,ACN0134,2026-09-27,6329.64,USD,Transfer,Mobile
TN01598,ACN0081,2026-09-27,16071.67,QAR,Deposit,ATM
TN01599,ACN0067,2026-09-27,-481.31,USD,Withdrawal,Online
TN01600,ACN0100,2026-09-27,9400.15,USD,Deposit,Mobile
TN01601,ACN0229,2026-09-27,10916.89,SAR,Deposit,Online
TN01602,ACN0060,2026-09-27,-6210.17,EUR,Withdrawal,Mobile
TN01603,ACN0035,2026-09-27,7816.66,QAR,Transfer,ATM
TN01604,ACN0288,2026-09-27,-3941.46,USD,Withdrawal,Mobile
TN01605,ACN0005,2026-09-27,-4006.05,EUR,Withdrawal,Mobile
TN01606,ACN0004,2026-09-27,270.4,USD,Transfer,ATM
TN01607,ACN0307,2026-09-27,-607.01,QAR,Withdrawal,Mobile
TN01608,ACN0113,2026-09-27,3728.43,SAR,Deposit,Online
TN01609,ACN0247,2026-09-27,15739.77,EUR,Deposit,Online
TN01610,ACN0257,2026-09-27,1900.71,QAR,Transfer,Branch
TN01611,ACN0232,2026-09-27,14307.65,SAR,Transfer,Mobile
TN01612,ACN0178,2026-09-27,10546.33,USD,Deposit,Mobile
TN01613,ACN0182,2026-09-27,5407.61,USD,Deposit,ATM
TN01614,ACN0054,2026-09-27,-1055.21,LBP,Withdrawal,ATM
TN01615,ACN0059,2026-09-27,-126.29,LBP,Withdrawal,ATM
TN01616,ACN0233,2026-09-27,-96.8,QAR,Fee,Branch
TN01617,ACN0121,2026-09-27,-2366.22,QAR,Withdrawal,ATM
TN01618,ACN0253,2026-09-27,-1996.47,USD,Withdrawal,Mobile
TN01619,ACN0250,2026-09-27,10455.64,EUR,Deposit,Mobile
TN01620,ACN0068,2026-09-27,-3565.88,USD,Withdrawal,Mobile
TN01621,ACN0172,2026-09-27,17465.38,EUR,Deposit,ATM
TN01622,ACN0066,2026-09-27,2736.14,USD,Transfer,Online
TN01623,ACN0150,2026-09-27,-945.91,USD,Withdrawal,Mobile
TN01624,ACN0222,2026-09-27,14538.56,EUR,Transfer,ATM
TN01625,ACN0035,2026-09-27,10601.48,QAR,Transfer,ATM
TN01626,ACN0223,2026-09-27,513.74,USD,Transfer,Mobile
TN01627,ACN0112,2026-09-27,19574.24,LBP,Deposit,Online
TN01628,ACN0282,2026-09-27,6819.2,USD,Transfer,Branch
TN01629,ACN0251,2026-09-27,-70.66,USD,Fee,Mobile
TN01630,ACN0299,2026-09-27,7700.5,QAR,Transfer,ATM
TN01631,ACN0085,2026-09-27,11587.76,SAR,Deposit,Mobile
TN01632,ACN0179,2026-09-27,8341.7,USD,Transfer,Mobile
TN01633,ACN0197,2026-09-27,-75.07,LBP,Fee,Branch
TN01634,ACN0199,2026-09-27,3830.93,USD,Transfer,ATM
TN01635,ACN0038,2026-09-27,-7821.33,USD,Withdrawal,Mobile
TN01636,ACN0253,2026-09-27,10320.78,USD,Deposit,Branch
TN01637,ACN0182,2026-09-27,412.01,USD,Transfer,Mobile
TN01638,ACN0109,2026-09-27,-34.25,LBP,Fee,Mobile
TN01639,ACN0257,2026-09-27,2015.06,QAR,Transfer,Branch
TN01640,ACN0075,2026-09-27,21997.88,USD,Deposit,Mobile
TN01641,ACN0172,2026-09-27,20735.5,EUR,Deposit,ATM
TN01642,ACN0276,2026-09-27,-8110.34,QAR,Withdrawal,Mobile
TN01643,ACN0295,2026-09-27,-50.52,SAR,Fee,Mobile
TN01644,ACN0307,2026-09-27,10692.41,QAR,Transfer,Branch
TN01645,ACN0278,2026-09-27,-1358.06,USD,Withdrawal,Online
TN01646,ACN0238,2026-09-27,-3886.19,QAR,Withdrawal,Online
TN01647,ACN0260,2026-09-27,-85.5,QAR,Fee,Online
TN01648,ACN0249,2026-09-27,-1605.63,USD,Withdrawal,ATM
TN01649,ACN0018,2026-09-27,-10.33,QAR,Fee,Online
TN01650,ACN0251,2026-09-27,2663.4,USD,Transfer,Mobile
TN01651,ACN0015,2026-09-27,-1159.6,LBP,Withdrawal,Mobile
TN01652,ACN0197,2026-09-27,-55.49,LBP,Fee,Branch
TN01653,ACN0206,2026-09-27,5704.87,USD,Transfer,Online
TN01654,ACN0096,2026-09-27,-1140.85,LBP,Withdrawal,Online
TN01655,ACN0052,2026-09-27,15427.84,USD,Deposit,Mobile
TN01656,ACN0111,2026-09-27,-73.56,EUR,Fee,ATM
TN01657,ACN0078,2026-09-27,-1437.45,QAR,Withdrawal,Mobile
TN01658,ACN0285,2026-09-27,12152.3,QAR,Transfer,Mobile
TN01659,ACN0234,2026-09-27,-8128.97,EUR,Withdrawal,ATM
TN01660,ACN0172,2026-09-27,2450.55,EUR,Deposit,Branch
TN01661,ACN0054,2026-09-27,-912.94,LBP,Withdrawal,ATM
TN01662,ACN0040,2026-09-27,-663.45,USD,Withdrawal,Online
TN01663,ACN0132,2026-09-27,10827.52,LBP,Deposit,Online
TN01664,ACN0063,2026-09-27,-3075.48,QAR,Withdrawal,Mobile
TN01665,ACN0310,2026-09-27,5149.32,LBP,Transfer,Mobile
TN01666,ACN0197,2026-09-27,-5336.08,LBP,Withdrawal,Online
TN01667,ACN0303,2026-09-27,-111.94,USD,Fee,Online
TN01668,ACN0206,2026-09-27,5390.4,USD,Transfer,Online
TN01669,ACN0250,2026-09-27,-5623.98,EUR,Withdrawal,Branch
TN01670,ACN0068,2026-09-27,-1813.45,USD,Withdrawal,Branch
TN01671,ACN0178,2026-09-27,10457.95,USD,Transfer,ATM
TN01672,ACN0228,2026-09-27,-4533.1,USD,Withdrawal,ATM
TN01673,ACN0091,2026-09-27,2573.13,USD,Deposit,Mobile
TN01674,ACN0233,2026-09-27,-1360.38,QAR,Withdrawal,Mobile
TN01675,ACN0162,2026-09-27,3339.99,USD,Deposit,ATM
TN01676,ACN0143,2026-09-27,7680.24,USD,Transfer,Mobile
TN01677,ACN0296,2026-09-27,18904.89,LBP,Deposit,Mobile
TN01678,ACN0114,2026-09-27,-1970.31,USD,Withdrawal,Mobile
TN01679,ACN0003,2026-09-27,-7437.62,USD,Withdrawal,Mobile
TN01680,ACN0147,2026-09-27,-51.29,USD,Fee,Branch
TN01681,ACN0200,2026-09-27,-1852.22,USD,Withdrawal,ATM
TN01682,ACN0130,2026-09-27,4851.48,USD,Transfer,Online
TN01683,ACN0048,2026-09-27,123.92,SAR,Transfer,Branch
TN01684,ACN0110,2026-09-27,3403.1,SAR,Transfer,Mobile
TN01685,ACN0025,2026-09-27,22949.23,USD,Deposit,Mobile
TN01686,ACN0291,2026-09-27,1805.95,LBP,Transfer,Mobile
TN01687,ACN0197,2026-09-27,-6500.46,LBP,Withdrawal,Online
TN01688,ACN0297,2026-09-27,-1244.33,USD,Withdrawal,Mobile
TN01689,ACN0219,2026-09-27,13685.83,USD,Deposit,Online
TN01690,ACN0197,2026-09-27,13547.54,LBP,Deposit,ATM
TN01691,ACN0232,2026-09-27,239.99,SAR,Transfer,Mobile
TN01692,ACN0255,2026-09-27,10652.15,USD,Deposit,Mobile
TN01693,ACN0307,2026-09-27,14154.33,QAR,Transfer,Mobile
TN01694,ACN0274,2026-09-27,-1115.79,QAR,Withdrawal,Mobile
TN01695,ACN0196,2026-09-27,-3530.68,QAR,Withdrawal,Branch
TN01696,ACN0149,2026-09-27,13991.08,QAR,Deposit,Branch
TN01697,ACN0148,2026-09-27,-182.09,USD,Withdrawal,Online
TN01698,ACN0111,2026-09-27,-78.86,EUR,Fee,ATM
TN01699,ACN0241,2026-09-27,-543.58,LBP,Withdrawal,Mobile
TN01700,ACN0042,2026-09-27,-122.46,USD,Fee,Online
TN01701,ACN0226,2026-09-27,3045.07,USD,Transfer,Mobile
TN01702,ACN0111,2026-09-27,-2283.45,EUR,Withdrawal,ATM
TN01703,ACN0241,2026-09-27,-592.79,LBP,Withdrawal,Mobile
TN01704,ACN0053,2026-09-27,-7493.13,LBP,Withdrawal,Online
TN01705,ACN0041,2026-09-27,14215.92,SAR,Deposit,Mobile
TN01706,ACN0150,2026-09-27,600.38,USD,Deposit,ATM
TN01707,ACN0120,2026-09-27,12713.96,LBP,Deposit,Mobile
TN01708,ACN0080,2026-09-27,10158.09,USD,Deposit,Mobile
TN01709,ACN0036,2026-09-27,13905.22,SAR,Deposit,Mobile
TN01710,ACN0286,2026-09-27,2642.71,USD,Transfer,Mobile
TN01711,ACN0108,2026-09-27,11179.85,USD,Transfer,Online
TN01712,ACN0015,2026-09-27,-1124.61,LBP,Withdrawal,Mobile
TN01713,ACN0048,2026-09-27,97.18,SAR,Transfer,Branch
TN01714,ACN0278,2026-09-27,-5870.01,USD,Withdrawal,ATM
TN01715,ACN0132,2026-09-27,7733.72,LBP,Transfer,Mobile
TN01716,ACN0012,2026-09-27,-4974.72,LBP,Withdrawal,ATM
TN01717,ACN0111,2026-09-27,-57.09,EUR,Fee,ATM
TN01718,ACN0006,2026-09-27,8280.39,USD,Deposit,Mobile
TN01719,ACN0068,2026-09-27,-88.69,USD,Fee,Mobile
TN01720,ACN0251,2026-09-27,-51.96,USD,Fee,Mobile
TN01721,ACN0141,2026-09-27,12316.9,USD,Transfer,Branch
TN01722,ACN0220,2026-09-27,2482.36,EUR,Deposit,Mobile
TN01723,ACN0141,2026-09-27,15342.22,USD,Deposit,Branch
TN01724,ACN0122,2026-09-27,306.29,USD,Transfer,Online
TN01725,ACN0081,2026-09-27,16983.91,QAR,Deposit,ATM
TN01726,ACN0181,2026-09-27,-10191.82,USD,Withdrawal,Mobile
TN01727,ACN0277,2026-09-27,5706.89,USD,Transfer,Mobile
TN01728,ACN0108,2026-09-27,11523.04,USD,Deposit,Online
TN01729,ACN0058,2026-09-27,19874.14,LBP,Deposit,ATM
TN01730,ACN0122,2026-09-27,362.75,USD,Transfer,Online
TN01731,ACN0268,2026-09-27,-2047.8,USD,Withdrawal,Branch
TN01732,ACN0234,2026-09-27,-7578.89,EUR,Withdrawal,Mobile
TN01733,ACN0152,2026-09-27,14606.32,USD,Deposit,Online
TN01734,ACN0197,2026-09-27,11598.89,LBP,Deposit,ATM
TN01735,ACN0130,2026-09-27,4410.06,USD,Transfer,Online
TN01736,ACN0177,2026-09-27,2090.56,USD,Deposit,Mobile
TN01737,ACN0240,2026-09-27,-1094.14,LBP,Withdrawal,Mobile
TN01738,ACN0283,2026-09-27,13208.06,QAR,Deposit,Mobile
TN01739,ACN0036,2026-09-27,-76.19,SAR,Fee,Mobile
TN01740,ACN0299,2026-09-27,5760.43,QAR,Transfer,ATM
TN01741,ACN0144,2026-09-27,-126.8,USD,Fee,Mobile
TN01742,ACN0012,2026-09-27,-5615.45,LBP,Withdrawal,Mobile
TN01743,ACN0277,2026-09-27,5271.84,USD,Transfer,Mobile
TN01744,ACN0310,2026-09-28,-1199.34,LBP,Withdrawal,Online
TN01745,ACN0060,2026-09-28,-4499.75,EUR,Withdrawal,ATM
TN01746,ACN0046,2026-09-28,-3515.82,LBP,Withdrawal,Mobile
TN01747,ACN0254,2026-09-28,-3284.77,LBP,Withdrawal,ATM
TN01748,ACN0288,2026-09-28,3086.51,USD,Deposit,Mobile
TN01749,ACN0284,2026-09-28,-27.99,USD,Fee,Mobile
TN01750,ACN0238,2026-09-28,-497,QAR,Withdrawal,Mobile
TN01751,ACN0210,2026-09-28,4987.97,SAR,Transfer,Mobile
TN01752,ACN0087,2026-09-28,-104.95,EUR,Fee,Online
TN01753,ACN0173,2026-09-28,10857.16,USD,Transfer,Mobile
TN01754,ACN0005,2026-09-28,-3280.62,EUR,Withdrawal,Mobile
TN01755,ACN0251,2026-09-28,-508.4,USD,Withdrawal,Mobile
TN01756,ACN0144,2026-09-28,-5038.78,USD,Withdrawal,Mobile
TN01757,ACN0133,2026-09-28,18812.19,USD,Deposit,Mobile
TN01758,ACN0296,2026-09-28,8046.39,LBP,Deposit,ATM
TN01759,ACN0053,2026-09-28,8444.22,LBP,Transfer,Mobile
TN01760,ACN0261,2026-09-28,8839.76,USD,Deposit,ATM
TN01761,ACN0092,2026-09-28,10735.06,USD,Transfer,Online
TN01762,ACN0036,2026-09-28,-76.19,SAR,Fee,Mobile
TN01763,ACN0214,2026-09-28,19818.73,LBP,Deposit,Online
TN01764,ACN0166,2026-09-28,-7208.4,LBP,Withdrawal,Mobile
TN01765,ACN0091,2026-09-28,2673.16,USD,Deposit,Mobile
TN01766,ACN0211,2026-09-28,17621.58,USD,Transfer,Branch
TN01767,ACN0295,2026-09-28,-49.77,SAR,Fee,Mobile
TN01768,ACN0112,2026-09-28,18436.83,LBP,Deposit,Online
TN01769,ACN0212,2026-09-28,-963.69,LBP,Withdrawal,ATM
TN01770,ACN0217,2026-09-28,12340.27,USD,Deposit,ATM
TN01771,ACN0028,2026-09-28,14376.8,USD,Transfer,Online
TN01772,ACN0263,2026-09-28,-4161.77,EUR,Withdrawal,Mobile
TN01773,ACN0044,2026-09-28,8740.4,SAR,Transfer,Mobile
TN01774,ACN0150,2026-09-28,16476.47,USD,Transfer,Online
TN01775,ACN0277,2026-09-28,12228.2,USD,Deposit,ATM
TN01776,ACN0143,2026-09-28,6148.56,USD,Transfer,Mobile
TN01777,ACN0177,2026-09-28,2511.39,USD,Deposit,Mobile
TN01778,ACN0025,2026-09-28,22277.37,USD,Deposit,Mobile
TN01779,ACN0195,2026-09-28,443.04,USD,Transfer,Online
TN01780,ACN0175,2026-09-28,4944.27,USD,Deposit,ATM
TN01781,ACN0050,2026-09-28,-56.37,USD,Fee,Mobile
TN01782,ACN0147,2026-09-28,15052.2,USD,Transfer,ATM
TN01783,ACN0251,2026-09-28,-1260.91,USD,Withdrawal,Online
TN01784,ACN0154,2026-09-28,3707,QAR,Transfer,Online
TN01785,ACN0204,2026-09-28,8311.72,USD,Deposit,Mobile
TN01786,ACN0251,2026-09-28,-70.29,USD,Fee,Mobile
TN01787,ACN0196,2026-09-28,14648.78,QAR,Deposit,Mobile
TN01788,ACN0144,2026-09-28,6599.75,USD,Transfer,ATM
TN01789,ACN0125,2026-09-28,-636.76,USD,Withdrawal,Branch
TN01790,ACN0121,2026-09-28,9854.86,QAR,Transfer,ATM
TN01791,ACN0057,2026-09-28,2890.36,QAR,Deposit,Mobile
TN01792,ACN0220,2026-09-28,-3379.97,EUR,Withdrawal,Branch
TN01793,ACN0120,2026-09-28,13427.84,LBP,Deposit,Mobile
TN01794,ACN0095,2026-09-28,-4573.78,USD,Withdrawal,Mobile
TN01795,ACN0263,2026-09-28,5283.04,EUR,Deposit,Mobile
TN01796,ACN0184,2026-09-28,-2430.36,SAR,Withdrawal,Mobile
TN01797,ACN0306,2026-09-28,15239.51,EUR,Deposit,ATM
TN01798,ACN0017,2026-09-28,8662.86,LBP,Deposit,Mobile
TN01799,ACN0076,2026-09-28,1822.55,USD,Transfer,ATM
TN01800,ACN0234,2026-09-28,-8613.9,EUR,Withdrawal,Mobile
TN01801,ACN0234,2026-09-28,-9338.48,EUR,Withdrawal,ATM
TN01802,ACN0028,2026-09-28,12457.86,USD,Deposit,Mobile
TN01803,ACN0052,2026-09-28,13027.2,USD,Transfer,Mobile
TN01804,ACN0218,2026-09-28,15185.73,USD,Deposit,Branch
TN01805,ACN0307,2026-09-28,10090.93,QAR,Transfer,Branch
TN01806,ACN0223,2026-09-28,5995.15,USD,Transfer,Online
TN01807,ACN0103,2026-09-28,-128.58,USD,Fee,Mobile
TN01808,ACN0222,2026-09-28,12173.03,EUR,Transfer,ATM
TN01809,ACN0060,2026-09-28,-4233.75,EUR,Withdrawal,Mobile
TN01810,ACN0204,2026-09-28,8106.03,USD,Transfer,Online
TN01811,ACN0038,2026-09-28,-6148.35,USD,Withdrawal,Mobile
TN01812,ACN0278,2026-09-28,-1298.01,USD,Withdrawal,Online
TN01813,ACN0303,2026-09-28,-132.39,USD,Fee,Online
TN01814,ACN0154,2026-09-28,-5525.25,QAR,Withdrawal,Branch
TN01815,ACN0305,2026-09-28,-3453.09,USD,Withdrawal,Branch
TN01816,ACN0132,2026-09-28,17110.34,LBP,Deposit,Online
TN01817,ACN0081,2026-09-28,12318.03,QAR,Deposit,ATM
TN01818,ACN0126,2026-09-28,10228.67,USD,Deposit,Branch
TN01819,ACN0017,2026-09-28,-3518.58,LBP,Withdrawal,Branch
TN01820,ACN0280,2026-09-28,3909.1,LBP,Deposit,Mobile
TN01821,ACN0147,2026-09-28,-54.96,USD,Fee,Branch
TN01822,ACN0185,2026-09-28,4867.31,USD,Deposit,Mobile
TN01823,ACN0158,2026-09-28,12598.06,USD,Transfer,ATM
TN01824,ACN0059,2026-09-28,-110.16,LBP,Withdrawal,ATM
TN01825,ACN0130,2026-09-28,-5680.07,USD,Withdrawal,Mobile
TN01826,ACN0277,2026-09-28,1237.99,USD,Transfer,Online
TN01827,ACN0257,2026-09-28,1569.89,QAR,Transfer,Branch
TN01828,ACN0028,2026-09-28,13065.63,USD,Transfer,Online
TN01829,ACN0009,2026-09-28,-2302.44,SAR,Withdrawal,Mobile
TN01830,ACN0075,2026-09-28,20462.75,USD,Deposit,Mobile
TN01831,ACN0291,2026-09-28,-38.66,LBP,Fee,Mobile
TN01832,ACN0222,2026-09-28,11467.07,EUR,Deposit,Online
TN01833,ACN0168,2026-09-28,1507.47,USD,Transfer,ATM
TN01834,ACN0017,2026-09-28,-2635.86,LBP,Withdrawal,Branch
TN01835,ACN0263,2026-09-28,4073.75,EUR,Deposit,Mobile
TN01836,ACN0147,2026-09-28,13183.82,USD,Deposit,Online
TN01837,ACN0193,2026-09-28,1417.38,USD,Transfer,ATM
TN01838,ACN0225,2026-09-28,13102.56,LBP,Deposit,Online
TN01839,ACN0011,2026-09-28,-3547.7,USD,Withdrawal,Online
TN01840,ACN0249,2026-09-28,-1554.07,USD,Withdrawal,ATM
TN01841,ACN0186,2026-09-28,11533.07,USD,Deposit,Online
TN01842,ACN0296,2026-09-28,21788.21,LBP,Deposit,Mobile
TN01843,ACN0183,2026-09-28,-6831.63,USD,Withdrawal,Mobile
TN01844,ACN0140,2026-09-28,-1.98,USD,Fee,Branch
TN01845,ACN0303,2026-09-28,-138.22,USD,Fee,Online
TN01846,ACN0060,2026-09-28,8438.91,EUR,Deposit,Mobile
TN01847,ACN0080,2026-09-28,7914.01,USD,Deposit,Mobile
TN01848,ACN0184,2026-09-28,-102.08,SAR,Fee,ATM
TN01849,ACN0068,2026-09-28,-6293.65,USD,Withdrawal,Mobile
TN01850,ACN0132,2026-09-28,10592.16,LBP,Transfer,Mobile
TN01851,ACN0092,2026-09-28,10959.92,USD,Transfer,Online
TN01852,ACN0011,2026-09-28,-3190.35,USD,Withdrawal,Online
TN01853,ACN0292,2026-09-28,12098.6,USD,Deposit,Branch
TN01854,ACN0206,2026-09-28,5427.03,USD,Transfer,ATM
TN01855,ACN0218,2026-09-28,-5555.52,USD,Withdrawal,Mobile
TN01856,ACN0178,2026-09-28,9638.77,USD,Transfer,ATM
TN01857,ACN0280,2026-09-28,4424.9,LBP,Deposit,Mobile
TN01858,ACN0018,2026-09-28,-12.53,QAR,Fee,Online
TN01859,ACN0154,2026-09-28,3921.36,QAR,Transfer,Online
TN01860,ACN0289,2026-09-28,2356.47,EUR,Transfer,Mobile
TN01861,ACN0012,2026-09-28,-4766.61,LBP,Withdrawal,Mobile
TN01862,ACN0277,2026-09-28,6201.02,USD,Transfer,Mobile
TN01863,ACN0157,2026-09-28,-4795.65,USD,Withdrawal,ATM
TN01864,ACN0206,2026-09-28,7061.65,USD,Transfer,ATM
TN01865,ACN0232,2026-09-28,14022.64,SAR,Transfer,Mobile
TN01866,ACN0120,2026-09-28,15144.97,LBP,Deposit,Mobile
TN01867,ACN0057,2026-09-28,14638.68,QAR,Transfer,ATM
TN01868,ACN0053,2026-09-28,12726.37,LBP,Transfer,Online
TN01869,ACN0208,2026-09-28,15112.8,USD,Deposit,Online
TN01870,ACN0075,2026-09-28,13754.34,USD,Deposit,Online
TN01871,ACN0262,2026-09-28,-4439.04,SAR,Withdrawal,ATM
TN01872,ACN0274,2026-09-28,-167.05,QAR,Fee,Mobile
TN01873,ACN0160,2026-09-28,-162.88,SAR,Fee,Online
TN01874,ACN0283,2026-09-28,2520.65,QAR,Deposit,Mobile
TN01875,ACN0216,2026-09-28,3816.82,USD,Transfer,Mobile
TN01876,ACN0233,2026-09-28,-8314.4,QAR,Withdrawal,Mobile
TN01877,ACN0013,2026-09-28,-8,LBP,Fee,Online
TN01878,ACN0196,2026-09-28,18465.54,QAR,Deposit,Mobile
TN01879,ACN0184,2026-09-28,-1768.23,SAR,Withdrawal,Mobile
TN01880,ACN0297,2026-09-28,-68.95,USD,Fee,Online
TN01881,ACN0288,2026-09-28,18592.48,USD,Deposit,Mobile
TN01882,ACN0085,2026-09-28,14248.95,SAR,Deposit,Mobile
TN01883,ACN0104,2026-09-28,-2426.01,USD,Withdrawal,Online
TN01884,ACN0294,2026-09-28,13874.85,USD,Deposit,Online
TN01885,ACN0069,2026-09-28,18402.81,USD,Deposit,ATM
TN01886,ACN0204,2026-09-28,7604.95,USD,Deposit,Mobile
TN01887,ACN0275,2026-09-28,-2656.01,LBP,Withdrawal,Mobile
TN01888,ACN0058,2026-09-28,13658.76,LBP,Deposit,Branch
TN01889,ACN0035,2026-09-28,6267.83,QAR,Transfer,Mobile
TN01890,ACN0178,2026-09-28,8612.94,USD,Transfer,ATM
TN01891,ACN0005,2026-09-28,-5750.35,EUR,Withdrawal,ATM
TN01892,ACN0241,2026-09-28,13957.91,LBP,Deposit,Mobile
TN01893,ACN0281,2026-09-28,8014.43,USD,Deposit,Mobile
TNDEMO01,ACN0023,2026-02-10,150,USD,Deposit,Branch
TNDEMO02,ACN0023,2026-09-20,30000,USD,Deposit,Branch
TNDEMO03,ACN0164,2026-09-15,25000,USD,Deposit,Online
TNDEMO04,ACN0164,2026-09-15,-24000,USD,Withdrawal,Online
TNDEMO05,ACN0001,2026-09-18,5000,USD,Deposit,Branch
TNDEMO06,ACN0001,2026-09-18,10000,USD,Deposit,Branch
TNDEMO07,ACN0001,2026-09-18,20000,USD,Deposit,Branch
TNDEMO08,ACN0138,2026-09-19,-9200,USD,Withdrawal,ATM
TNDEMO09,ACNDEMO2,2026-09-19,-9300,USD,Withdrawal,ATM
TNDEMO0925A,ACN0002,2026-09-25,65000,USD,Deposit,Branch
TNDEMO0925B,ACN0014,2026-09-25,2500,US$,Transfer,Online
TNDEMO0928A,ACN0002,2026-09-28,65000,USD,Deposit,Branch
TNDEMO0928B,ACN0023,2026-09-28,2500,US$,Transfer,Online
TNDEMO10,ACN0021,2026-09-21,80000,USD,Deposit,Branch
TNDEMO11,ACN0001,2026-09-22,,USD,Deposit,Branch
TNDEMO12,ACN0001,2026-09-22,4000,USD,Deposit,Cheque
