transaction_id,account_id,date,amount,currency,type,channel
TN00056,ACN0500,2026-08-24,1536.4,LBP,Deposit,ATM
TN00113,ACN0024,2026-08-24,-4529.09,USD,Withdrawal,ATM
TN00148,ACN0100,2026-08-24,10810.08,USD,Deposit,Mobile
TN00156,ACN0348,2026-08-24,16900.89,USD,Transfer,ATM
TN00168,ACN0385,2026-08-24,4622.43,USD,Deposit,Branch
TN00172,ACN0181,2026-08-24,22768.01,LBP,Transfer,Branch
TN00218,ACN0409,2026-08-24,-9928.92,SAR,Payment,Mobile
TN00222,ACN0401,2026-08-24,16791.38,LBP,Deposit,Branch
TN00231,ACN0219,2026-08-24,8097.73,LBP,Deposit,ATM
TN00238,ACN0239,2026-08-24,-17621.64,LBP,Withdrawal,Mobile
TN00252,ACN0160,2026-08-24,19843.09,USD,Transfer,ATM
TN00275,ACN0490,2026-08-24,-19018.13,USD,Withdrawal,Mobile
TN00276,ACN0043,2026-08-24,13067.92,QAR,Deposit,Mobile
TN00282,ACN0487,2026-08-24,-16512.51,USD,Withdrawal,Online
TN00320,ACN0551,2026-08-24,20325.44,LBP,Deposit,Mobile
TN00378,ACN0328,2026-08-24,-4560.16,SAR,Payment,ATM
TN00407,ACN0013,2026-08-24,9459.32,USD,Transfer,Mobile
TN00413,ACN0426,2026-08-24,22805.93,USD,Deposit,ATM
TN00426,ACN0225,2026-08-24,5895.12,SAR,Transfer,Online
TN00480,ACN0196,2026-08-24,-14429.37,USD,Payment,ATM
TN00505,ACN0213,2026-08-24,-12286.1,LBP,Withdrawal,Mobile
TN00521,ACN0322,2026-08-24,7978.36,USD,Deposit,ATM
TN00623,ACN0237,2026-08-24,13522.64,USD,Deposit,Online
TN00637,ACN0060,2026-08-24,2317.93,USD,Deposit,Mobile
TN00638,ACN0550,2026-08-24,24773.65,USD,Transfer,ATM
TN00763,ACN0151,2026-08-24,11897.09,LBP,Deposit,Online
TN00828,ACN0346,2026-08-24,19175.51,SAR,Transfer,Branch
TN00840,ACN0292,2026-08-24,10191.43,USD,Deposit,Mobile
TN00909,ACN0144,2026-08-24,-19180.87,SAR,Payment,ATM
TN00921,ACN0266,2026-08-24,18696.3,QAR,Deposit,ATM
TN00942,ACN0521,2026-08-24,11434.7,LBP,Deposit,ATM
TN01012,ACN0562,2026-08-24,24817.08,SAR,Deposit,Mobile
TN01037,ACN0002,2026-08-24,-13237.44,LBP,Payment,ATM
TN01078,ACN0147,2026-08-24,-17114.23,USD,Payment,Mobile
TN01093,ACN0530,2026-08-24,-23581.12,LBP,Withdrawal,ATM
TN01105,ACN0599,2026-08-24,11194.39,USD,Transfer,Online
TN01117,ACN0327,2026-08-24,-22397.56,SAR,Payment,Mobile
TN01119,ACN0090,2026-08-24,-260.94,LBP,Payment,ATM
TN01152,ACN0256,2026-08-24,-11754.42,USD,Withdrawal,Online
TN01185,ACN0259,2026-08-24,614.84,SAR,Deposit,Branch
TN01188,ACN0255,2026-08-24,2699.39,SAR,Deposit,Mobile
TN01191,ACN0382,2026-08-24,10448.83,USD,Deposit,Branch
TN01195,ACN0594,2026-08-24,6842.9,USD,Transfer,Mobile
TN01218,ACN0433,2026-08-24,-16546.39,QAR,Payment,ATM
TN01222,ACN0360,2026-08-24,-17127.51,LBP,Payment,Online
TN01251,ACN0510,2026-08-24,10829.88,LBP,Transfer,Mobile
TN01277,ACN0178,2026-08-24,-7001.18,SAR,Payment,ATM
TN01301,ACN0044,2026-08-24,9448.08,USD,Deposit,Mobile
TN01374,ACN0337,2026-08-24,16409.44,LBP,Deposit,Branch
TN01505,ACN0566,2026-08-24,13121.36,LBP,Transfer,ATM
TN01551,ACN0169,2026-08-24,-5608.89,USD,Withdrawal,Mobile
TN01573,ACN0526,2026-08-24,4682.48,USD,Deposit,Mobile
TN01588,ACN0555,2026-08-24,13677.22,QAR,Deposit,Branch
TN01621,ACN0437,2026-08-24,-7946.66,USD,Withdrawal,ATM
TN01693,ACN0077,2026-08-24,-19467.46,QAR,Payment,Online
TN01706,ACN0166,2026-08-24,-1084.73,USD,Withdrawal,Mobile
TN01707,ACN0376,2026-08-24,-3720.34,USD,Withdrawal,Branch
TN01711,ACN0411,2026-08-24,17607.54,QAR,Deposit,Branch
TN01754,ACN0417,2026-08-24,13676.86,LBP,Deposit,Mobile
TN01779,ACN0382,2026-08-24,9486.99,SAR,Transfer,Mobile
TN01785,ACN0197,2026-08-24,20135.51,USD,Transfer,ATM
TN01830,ACN0445,2026-08-24,-1151.83,USD,Withdrawal,Mobile
TN01838,ACN0389,2026-08-24,-1881.83,USD,Withdrawal,Branch
TN01848,ACN0080,2026-08-24,22421.87,USD,Transfer,ATM
TN01868,ACN0061,2026-08-24,14367.54,USD,Deposit,Mobile
TN01910,ACN0584,2026-08-24,-345.94,USD,Payment,ATM
TN01950,ACN0230,2026-08-24,1794.52,USD,Deposit,Online
TN01953,ACN0544,2026-08-24,23603.93,USD,Deposit,Mobile
TN01981,ACN0187,2026-08-24,23067.5,LBP,Deposit,Online
TN01994,ACN0332,2026-08-24,-4890.58,USD,Withdrawal,Mobile
TN00012,ACN0380,2026-08-25,22307.8,USD,Deposit,ATM
TN00014,ACN0444,2026-08-25,2938.71,USD,Deposit,Mobile
TN00035,ACN0191,2026-08-25,-10661.91,LBP,Withdrawal,Online
TN00088,ACN0266,2026-08-25,8874.74,USD,Transfer,Online
TN00126,ACN0218,2026-08-25,12768.0,USD,Transfer,Mobile
TN00159,ACN0191,2026-08-25,19929.7,QAR,Deposit,Mobile
TN00189,ACN0234,2026-08-25,1802.29,LBP,Deposit,ATM
TN00225,ACN0106,2026-08-25,-7721.94,SAR,Withdrawal,Branch
TN00260,ACN0501,2026-08-25,9217.15,SAR,Transfer,Online
TN00283,ACN0330,2026-08-25,9017.94,USD,Deposit,Mobile
TN00287,ACN0586,2026-08-25,17922.31,USD,Transfer,ATM
TN00376,ACN0237,2026-08-25,10663.37,USD,Deposit,Mobile
TN00394,ACN0275,2026-08-25,4294.31,LBP,Transfer,ATM
TN00398,ACN0419,2026-08-25,-7386.49,USD,Payment,Branch
TN00411,ACN0315,2026-08-25,-3879.74,SAR,Withdrawal,ATM
TN00429,ACN0432,2026-08-25,20698.99,SAR,Deposit,Branch
TN00478,ACN0461,2026-08-25,14467.86,USD,Transfer,Online
TN00494,ACN0198,2026-08-25,9845.08,LBP,Transfer,Mobile
TN00553,ACN0114,2026-08-25,1347.38,QAR,Deposit,ATM
TN00670,ACN0302,2026-08-25,4024.61,LBP,Transfer,Branch
TN00685,ACN0482,2026-08-25,3177.42,USD,Transfer,Branch
TN00755,ACN0097,2026-08-25,-8289.26,USD,Withdrawal,Mobile
TN00869,ACN0408,2026-08-25,18134.26,USD,Transfer,Mobile
TN00887,ACN0551,2026-08-25,-24261.52,LBP,Payment,Mobile
TN00889,ACN0234,2026-08-25,11412.53,LBP,Transfer,ATM
TN00908,ACN0428,2026-08-25,23500.88,QAR,Deposit,ATM
TN00922,ACN0499,2026-08-25,20795.23,SAR,Transfer,Mobile
TN00945,ACN0282,2026-08-25,22435.33,LBP,Transfer,Branch
TN00951,ACN0027,2026-08-25,-22222.73,LBP,Withdrawal,Branch
TN00985,ACN0350,2026-08-25,-23738.21,LBP,Payment,Online
TN00995,ACN0432,2026-08-25,17962.86,SAR,Transfer,Mobile
TN01068,ACN0510,2026-08-25,12965.27,LBP,Deposit,Branch
TN01076,ACN0165,2026-08-25,24105.13,USD,Deposit,ATM
TN01112,ACN0470,2026-08-25,8336.31,USD,Transfer,Mobile
TN01172,ACN0058,2026-08-25,13950.96,USD,Transfer,Mobile
TN01247,ACN0269,2026-08-25,-18814.23,LBP,Withdrawal,Mobile
TN01321,ACN0394,2026-08-25,5521.53,LBP,Deposit,Online
TN01335,ACN0068,2026-08-25,23154.59,USD,Transfer,Mobile
TN01343,ACN0040,2026-08-25,-2077.0,USD,Payment,Mobile
TN01347,ACN0509,2026-08-25,17232.02,LBP,Transfer,ATM
TN01364,ACN0446,2026-08-25,18287.15,USD,Transfer,Mobile
TN01422,ACN0163,2026-08-25,22225.64,USD,Deposit,Mobile
TN01460,ACN0595,2026-08-25,20421.27,LBP,Transfer,Mobile
TN01461,ACN0238,2026-08-25,6027.26,LBP,Transfer,Mobile
TN01466,ACN0283,2026-08-25,-8455.28,LBP,Payment,Mobile
TN01474,ACN0446,2026-08-25,-1122.78,SAR,Withdrawal,Online
TN01496,ACN0138,2026-08-25,-20797.2,QAR,Withdrawal,ATM
TN01552,ACN0401,2026-08-25,-9744.37,QAR,Payment,Mobile
TN01703,ACN0258,2026-08-25,-88.25,USD,Withdrawal,Mobile
TN01726,ACN0153,2026-08-25,7180.64,USD,Deposit,Mobile
TN01745,ACN0489,2026-08-25,1269.63,USD,Transfer,ATM
TN01761,ACN0001,2026-08-25,-24525.7,USD,Withdrawal,ATM
TN01793,ACN0547,2026-08-25,15992.66,USD,Transfer,Branch
TN01836,ACN0324,2026-08-25,19756.84,USD,Transfer,Mobile
TN01886,ACN0306,2026-08-25,-3464.74,LBP,Withdrawal,Branch
TN01919,ACN0098,2026-08-25,18435.97,USD,Deposit,Mobile
TN01941,ACN0235,2026-08-25,23638.95,USD,Deposit,ATM
TN01944,ACN0014,2026-08-25,15858.42,USD,Deposit,Mobile
TN01970,ACN0267,2026-08-25,-23735.11,LBP,Payment,ATM
TN01983,ACN0395,2026-08-25,20344.67,LBP,Deposit,Online
TN00007,ACN0379,2026-08-26,16187.94,LBP,Transfer,Online
TN00025,ACN0109,2026-08-26,3861.31,USD,Transfer,Mobile
TN00037,ACN0538,2026-08-26,11716.11,USD,Deposit,Mobile
TN00152,ACN0387,2026-08-26,-21195.35,USD,Withdrawal,Branch
TN00179,ACN0599,2026-08-26,-5246.75,USD,Payment,Mobile
TN00250,ACN0207,2026-08-26,19536.6,USD,Deposit,ATM
TN00269,ACN0173,2026-08-26,59.43,LBP,Transfer,ATM
TN00274,ACN0301,2026-08-26,3134.55,LBP,Deposit,Mobile
TN00319,ACN0306,2026-08-26,2504.04,LBP,Transfer,Online
TN00335,ACN0389,2026-08-26,15098.11,USD,Deposit,Mobile
TN00336,ACN0562,2026-08-26,-8247.35,SAR,Withdrawal,ATM
TN00370,ACN0445,2026-08-26,-7069.94,USD,Withdrawal,ATM
TN00419,ACN0272,2026-08-26,17788.44,USD,Transfer,Online
TN00432,ACN0151,2026-08-26,-1993.25,QAR,Withdrawal,Branch
TN00470,ACN0434,2026-08-26,15899.47,SAR,Deposit,ATM
TN00498,ACN0163,2026-08-26,-5109.99,USD,Payment,Mobile
TN00504,ACN0290,2026-08-26,4532.08,USD,Deposit,ATM
TN00517,ACN0362,2026-08-26,-15824.81,USD,Withdrawal,Online
TN00546,ACN0526,2026-08-26,10017.12,USD,Deposit,Branch
TN00586,ACN0573,2026-08-26,19173.91,USD,Deposit,Mobile
TN00746,ACN0084,2026-08-26,-10654.04,LBP,Payment,Mobile
TN00819,ACN0530,2026-08-26,11633.77,LBP,Transfer,Mobile
TN00834,ACN0104,2026-08-26,-24507.06,LBP,Withdrawal,Mobile
TN00858,ACN0230,2026-08-26,15505.61,USD,Deposit,Mobile
TN00865,ACN0164,2026-08-26,18056.72,USD,Deposit,Mobile
TN00953,ACN0103,2026-08-26,22431.77,LBP,Deposit,Branch
TN00977,ACN0140,2026-08-26,7513.83,USD,Transfer,Mobile
TN01024,ACN0356,2026-08-26,-17663.6,USD,Withdrawal,Branch
TN01029,ACN0367,2026-08-26,19370.03,USD,Transfer,Mobile
TN01052,ACN0541,2026-08-26,4718.21,USD,Transfer,Mobile
TN01064,ACN0460,2026-08-26,17243.69,LBP,Deposit,Branch
TN01069,ACN0235,2026-08-26,9713.83,USD,Deposit,Mobile
TN01097,ACN0037,2026-08-26,19678.32,USD,Transfer,ATM
TN01106,ACN0581,2026-08-26,-8507.62,LBP,Withdrawal,Branch
TN01118,ACN0110,2026-08-26,4444.14,USD,Deposit,Mobile
TN01122,ACN0084,2026-08-26,17961.99,LBP,Deposit,ATM
TN01125,ACN0063,2026-08-26,-12699.46,SAR,Withdrawal,Branch
TN01130,ACN0289,2026-08-26,1635.04,LBP,Transfer,Online
TN01131,ACN0062,2026-08-26,20446.23,USD,Transfer,Online
TN01132,ACN0457,2026-08-26,18611.83,USD,Deposit,Mobile
TN01153,ACN0394,2026-08-26,15597.7,LBP,Transfer,Mobile
TN01169,ACN0347,2026-08-26,8602.46,USD,Deposit,Mobile
TN01217,ACN0213,2026-08-26,19406.17,QAR,Deposit,Online
TN01223,ACN0089,2026-08-26,-13602.5,LBP,Withdrawal,Mobile
TN01265,ACN0551,2026-08-26,-6383.05,LBP,Withdrawal,Online
TN01312,ACN0396,2026-08-26,-21805.38,USD,Payment,ATM
TN01324,ACN0039,2026-08-26,12076.96,LBP,Deposit,Online
TN01325,ACN0170,2026-08-26,-12347.19,USD,Payment,Mobile
TN01424,ACN0015,2026-08-26,-19070.58,LBP,Withdrawal,ATM
TN01438,ACN0479,2026-08-26,-24898.98,QAR,Withdrawal,Mobile
TN01452,ACN0112,2026-08-26,3955.21,USD,Deposit,Branch
TN01467,ACN0025,2026-08-26,-18082.79,SAR,Payment,Mobile
TN01513,ACN0221,2026-08-26,12656.2,USD,Transfer,ATM
TN01563,ACN0200,2026-08-26,11357.58,LBP,Deposit,Online
TN01592,ACN0525,2026-08-26,1669.11,USD,Transfer,Mobile
TN01608,ACN0106,2026-08-26,-4127.25,SAR,Withdrawal,Online
TN01635,ACN0119,2026-08-26,21714.76,USD,Transfer,ATM
TN01688,ACN0359,2026-08-26,20994.36,USD,Transfer,Mobile
TN01718,ACN0339,2026-08-26,642.84,USD,Transfer,Branch
TN01742,ACN0577,2026-08-26,14900.1,QAR,Deposit,Mobile
TN01752,ACN0273,2026-08-26,-7823.59,USD,Withdrawal,Branch
TN01804,ACN0150,2026-08-26,-21140.84,LBP,Payment,Branch
TN01829,ACN0236,2026-08-26,72.77,LBP,Deposit,ATM
TN01840,ACN0403,2026-08-26,-7491.29,USD,Payment,Mobile
TN01852,ACN0586,2026-08-26,-3497.22,USD,Withdrawal,ATM
TN01909,ACN0349,2026-08-26,9046.42,QAR,Deposit,Online
TN01928,ACN0130,2026-08-26,11134.04,USD,Deposit,Mobile
TN00041,ACN0600,2026-08-27,12596.05,USD,Deposit,Mobile
TN00045,ACN0445,2026-08-27,-166.06,QAR,Withdrawal,Mobile
TN00087,ACN0312,2026-08-27,24674.13,USD,Transfer,Mobile
TN00127,ACN0072,2026-08-27,-9894.72,USD,Withdrawal,Mobile
TN00273,ACN0419,2026-08-27,-22826.03,USD,Withdrawal,Branch
TN00308,ACN0200,2026-08-27,13709.29,USD,Transfer,Mobile
TN00382,ACN0216,2026-08-27,2199.03,USD,Transfer,Branch
TN00383,ACN0196,2026-08-27,11155.33,SAR,Deposit,ATM
TN00396,ACN0255,2026-08-27,-5265.11,SAR,Payment,Mobile
TN00406,ACN0466,2026-08-27,-24260.23,USD,Payment,Branch
TN00412,ACN0557,2026-08-27,20626.62,LBP,Deposit,Branch
TN00458,ACN0453,2026-08-27,3528.37,QAR,Transfer,Mobile
TN00465,ACN0477,2026-08-27,4523.23,LBP,Deposit,Online
TN00532,ACN0125,2026-08-27,23443.84,USD,Transfer,Mobile
TN00547,ACN0315,2026-08-27,-14439.51,USD,Payment,Mobile
TN00572,ACN0533,2026-08-27,20857.61,USD,Transfer,Mobile
TN00580,ACN0396,2026-08-27,-24173.33,USD,Withdrawal,Online
TN00675,ACN0562,2026-08-27,13483.41,SAR,Transfer,Mobile
TN00678,ACN0237,2026-08-27,-18709.74,USD,Withdrawal,ATM
TN00682,ACN0267,2026-08-27,8552.46,QAR,Transfer,Mobile
TN00734,ACN0024,2026-08-27,-11483.46,USD,Withdrawal,Mobile
TN00749,ACN0561,2026-08-27,-251.28,USD,Withdrawal,ATM
TN00779,ACN0455,2026-08-27,1576.89,LBP,Transfer,ATM
TN00785,ACN0004,2026-08-27,-14022.77,USD,Withdrawal,Mobile
TN00786,ACN0089,2026-08-27,11585.87,LBP,Transfer,Branch
TN00811,ACN0475,2026-08-27,19081.14,USD,Transfer,ATM
TN00836,ACN0082,2026-08-27,10847.21,USD,Transfer,Mobile
TN00864,ACN0182,2026-08-27,-12515.37,QAR,Payment,Mobile
TN00893,ACN0120,2026-08-27,-11911.37,USD,Withdrawal,ATM
TN00900,ACN0068,2026-08-27,16830.95,USD,Transfer,ATM
TN00901,ACN0552,2026-08-27,4856.02,USD,Transfer,ATM
TN00965,ACN0465,2026-08-27,13656.07,USD,Transfer,Mobile
TN00967,ACN0500,2026-08-27,11418.77,LBP,Transfer,ATM
TN00987,ACN0499,2026-08-27,5631.34,SAR,Transfer,ATM
TN01019,ACN0253,2026-08-27,14482.38,USD,Transfer,Mobile
TN01020,ACN0520,2026-08-27,13393.29,USD,Transfer,Mobile
TN01033,ACN0486,2026-08-27,8595.52,USD,Deposit,Branch
TN01121,ACN0339,2026-08-27,2663.7,LBP,Transfer,Branch
TN01140,ACN0155,2026-08-27,4614.06,QAR,Transfer,Branch
TN01146,ACN0319,2026-08-27,10736.36,USD,Transfer,Mobile
TN01158,ACN0193,2026-08-27,-14947.73,USD,Payment,Branch
TN01269,ACN0111,2026-08-27,-9684.38,USD,Withdrawal,ATM
TN01270,ACN0056,2026-08-27,1775.59,USD,Deposit,ATM
TN01317,ACN0377,2026-08-27,12934.6,USD,Deposit,Mobile
TN01380,ACN0184,2026-08-27,11293.26,USD,Deposit,Mobile
TN01413,ACN0262,2026-08-27,12451.98,USD,Transfer,Branch
TN01417,ACN0114,2026-08-27,363.72,QAR,Transfer,ATM
TN01429,ACN0021,2026-08-27,23929.71,SAR,Deposit,ATM
TN01439,ACN0227,2026-08-27,5477.39,USD,Transfer,Online
TN01441,ACN0096,2026-08-27,-5933.0,SAR,Withdrawal,Mobile
TN01506,ACN0028,2026-08-27,-754.37,USD,Payment,ATM
TN01536,ACN0200,2026-08-27,-22265.68,LBP,Payment,Mobile
TN01543,ACN0353,2026-08-27,-22184.32,USD,Payment,Online
TN01566,ACN0081,2026-08-27,31.6,LBP,Transfer,ATM
TN01622,ACN0154,2026-08-27,16089.93,USD,Transfer,Mobile
TN01642,ACN0178,2026-08-27,20197.07,SAR,Transfer,Branch
TN01672,ACN0587,2026-08-27,-14354.83,LBP,Payment,ATM
TN01678,ACN0050,2026-08-27,18299.25,LBP,Transfer,Branch
TN01690,ACN0598,2026-08-27,-446.87,USD,Withdrawal,Mobile
TN01697,ACN0289,2026-08-27,-23629.91,LBP,Withdrawal,ATM
TN01735,ACN0599,2026-08-27,-3682.22,QAR,Withdrawal,Online
TN01768,ACN0411,2026-08-27,-13787.8,USD,Withdrawal,ATM
TN01778,ACN0421,2026-08-27,-16197.51,SAR,Payment,ATM
TN01791,ACN0324,2026-08-27,9765.78,SAR,Transfer,Mobile
TN01817,ACN0223,2026-08-27,-19611.27,SAR,Withdrawal,ATM
TN01921,ACN0249,2026-08-27,22162.23,QAR,Deposit,ATM
TN01955,ACN0084,2026-08-27,5091.54,LBP,Transfer,Branch
TN00001,ACN0411,2026-08-28,15017.81,SAR,Transfer,Branch
TN00004,ACN0273,2026-08-28,12364.32,USD,Deposit,ATM
TN00097,ACN0427,2026-08-28,3625.77,USD,Transfer,Mobile
TN00100,ACN0379,2026-08-28,1026.25,SAR,Transfer,Online
TN00101,ACN0311,2026-08-28,718.89,QAR,Deposit,Branch
TN00175,ACN0067,2026-08-28,22070.42,SAR,Deposit,Branch
TN00206,ACN0421,2026-08-28,-24740.09,SAR,Withdrawal,Mobile
TN00209,ACN0470,2026-08-28,205.93,USD,Deposit,Mobile
TN00240,ACN0141,2026-08-28,-7429.44,USD,Withdrawal,Mobile
TN00280,ACN0412,2026-08-28,22201.5,USD,Transfer,Online
TN00309,ACN0312,2026-08-28,-4109.09,USD,Withdrawal,Mobile
TN00313,ACN0528,2026-08-28,14842.94,LBP,Transfer,ATM
TN00332,ACN0261,2026-08-28,23506.18,LBP,Transfer,Branch
TN00334,ACN0524,2026-08-28,10503.77,USD,Transfer,Mobile
TN00349,ACN0435,2026-08-28,23312.39,USD,Transfer,Mobile
TN00388,ACN0171,2026-08-28,17423.72,USD,Transfer,Online
TN00395,ACN0152,2026-08-28,-6958.36,LBP,Payment,Mobile
TN00420,ACN0153,2026-08-28,3681.8,USD,Transfer,Mobile
TN00511,ACN0118,2026-08-28,-756.85,LBP,Payment,Mobile
TN00537,ACN0389,2026-08-28,4275.06,USD,Deposit,Branch
TN00567,ACN0421,2026-08-28,-16490.99,SAR,Payment,Branch
TN00598,ACN0443,2026-08-28,561.01,USD,Deposit,Mobile
TN00601,ACN0110,2026-08-28,-20341.07,QAR,Withdrawal,Branch
TN00631,ACN0083,2026-08-28,-11979.71,USD,Payment,Branch
TN00645,ACN0498,2026-08-28,5104.8,USD,Deposit,Mobile
TN00703,ACN0443,2026-08-28,-2189.86,USD,Withdrawal,Mobile
TN00739,ACN0577,2026-08-28,7779.03,QAR,Deposit,Online
TN00957,ACN0585,2026-08-28,5498.39,LBP,Deposit,Branch
TN01138,ACN0395,2026-08-28,-631.51,LBP,Withdrawal,ATM
TN01144,ACN0332,2026-08-28,15203.28,USD,Transfer,Online
TN01213,ACN0109,2026-08-28,16104.68,USD,Deposit,Online
TN01240,ACN0119,2026-08-28,5821.56,USD,Transfer,Mobile
TN01279,ACN0084,2026-08-28,-11114.44,LBP,Withdrawal,ATM
TN01291,ACN0082,2026-08-28,-6393.53,USD,Withdrawal,Online
TN01310,ACN0477,2026-08-28,-5133.22,LBP,Withdrawal,Branch
TN01320,ACN0451,2026-08-28,15887.41,LBP,Transfer,Branch
TN01351,ACN0121,2026-08-28,24955.68,USD,Deposit,ATM
TN01375,ACN0252,2026-08-28,-536.86,USD,Payment,Mobile
TN01378,ACN0562,2026-08-28,1924.12,SAR,Transfer,Online
TN01396,ACN0141,2026-08-28,20396.02,USD,Transfer,Mobile
TN01408,ACN0018,2026-08-28,-18224.14,USD,Withdrawal,Online
TN01411,ACN0198,2026-08-28,7331.8,LBP,Transfer,Mobile
TN01423,ACN0209,2026-08-28,-22035.04,USD,Withdrawal,Branch
TN01471,ACN0268,2026-08-28,13653.47,LBP,Deposit,Mobile
TN01533,ACN0468,2026-08-28,13064.87,USD,Deposit,ATM
TN01534,ACN0394,2026-08-28,14227.65,LBP,Transfer,Branch
TN01549,ACN0197,2026-08-28,9978.79,USD,Transfer,Mobile
TN01559,ACN0413,2026-08-28,10302.92,USD,Transfer,ATM
TN01648,ACN0372,2026-08-28,6655.45,LBP,Transfer,Online
TN01665,ACN0572,2026-08-28,-12983.24,USD,Payment,Branch
TN01679,ACN0472,2026-08-28,-18821.44,USD,Withdrawal,Branch
TN01686,ACN0009,2026-08-28,8179.45,USD,Transfer,ATM
TN01716,ACN0600,2026-08-28,6028.88,USD,Deposit,Mobile
TN01730,ACN0442,2026-08-28,23894.74,QAR,Transfer,Branch
TN01796,ACN0014,2026-08-28,-6844.46,USD,Payment,ATM
TN01801,ACN0272,2026-08-28,-4387.21,LBP,Payment,Mobile
TN01822,ACN0108,2026-08-28,11246.37,LBP,Deposit,ATM
TN01828,ACN0592,2026-08-28,5318.04,USD,Transfer,Branch
TN01892,ACN0098,2026-08-28,17173.22,USD,Transfer,ATM
TN01926,ACN0184,2026-08-28,22120.91,USD,Transfer,ATM
TN01940,ACN0565,2026-08-28,7377.75,USD,Deposit,Mobile
TN01964,ACN0569,2026-08-28,6678.55,USD,Transfer,Mobile
TN01977,ACN0066,2026-08-28,-22650.5,SAR,Withdrawal,ATM
TN01993,ACN0228,2026-08-28,-11580.72,SAR,Payment,ATM
TN00016,ACN0271,2026-08-29,-10905.67,USD,Withdrawal,Online
TN00021,ACN0358,2026-08-29,21706.96,USD,Deposit,Mobile
TN00058,ACN0356,2026-08-29,-10917.03,USD,Withdrawal,Branch
TN00184,ACN0314,2026-08-29,-9439.53,SAR,Withdrawal,ATM
TN00213,ACN0443,2026-08-29,-22772.61,USD,Withdrawal,Branch
TN00221,ACN0175,2026-08-29,15182.57,QAR,Transfer,Mobile
TN00270,ACN0427,2026-08-29,18331.4,USD,Transfer,Branch
TN00290,ACN0109,2026-08-29,-17899.81,USD,Withdrawal,ATM
TN00331,ACN0262,2026-08-29,16251.23,USD,Deposit,Branch
TN00390,ACN0546,2026-08-29,-24289.03,LBP,Payment,Mobile
TN00399,ACN0365,2026-08-29,24131.38,USD,Deposit,Branch
TN00403,ACN0491,2026-08-29,4554.21,QAR,Deposit,Branch
TN00417,ACN0183,2026-08-29,-8384.4,QAR,Withdrawal,Branch
TN00456,ACN0466,2026-08-29,-23352.72,SAR,Withdrawal,ATM
TN00507,ACN0165,2026-08-29,273.3,USD,Deposit,Mobile
TN00519,ACN0544,2026-08-29,-767.9,USD,Withdrawal,ATM
TN00558,ACN0245,2026-08-29,17042.43,USD,Deposit,Online
TN00570,ACN0461,2026-08-29,-21904.8,USD,Payment,Mobile
TN00583,ACN0581,2026-08-29,-11539.64,LBP,Payment,Online
TN00596,ACN0125,2026-08-29,12103.31,USD,Deposit,Mobile
TN00639,ACN0059,2026-08-29,3185.36,USD,Deposit,ATM
TN00709,ACN0272,2026-08-29,-12122.99,USD,Withdrawal,ATM
TN00851,ACN0114,2026-08-29,4481.99,QAR,Transfer,Online
TN00855,ACN0476,2026-08-29,23115.27,LBP,Deposit,Branch
TN00871,ACN0594,2026-08-29,2812.36,USD,Transfer,Mobile
TN00880,ACN0530,2026-08-29,-15469.13,LBP,Withdrawal,Mobile
TN00903,ACN0216,2026-08-29,3881.85,USD,Transfer,ATM
TN00904,ACN0176,2026-08-29,-15260.88,LBP,Payment,Mobile
TN00962,ACN0395,2026-08-29,19858.99,USD,Transfer,Mobile
TN00979,ACN0421,2026-08-29,12033.68,SAR,Deposit,Mobile
TN00986,ACN0116,2026-08-29,10659.25,LBP,Transfer,Mobile
TN01034,ACN0441,2026-08-29,-12502.05,USD,Payment,ATM
TN01065,ACN0501,2026-08-29,13432.75,SAR,Deposit,ATM
TN01141,ACN0346,2026-08-29,12443.11,SAR,Deposit,Online
TN01179,ACN0273,2026-08-29,12781.77,USD,Transfer,Mobile
TN01208,ACN0350,2026-08-29,-20803.69,LBP,Withdrawal,Mobile
TN01231,ACN0181,2026-08-29,1115.99,LBP,Transfer,Online
TN01250,ACN0417,2026-08-29,18890.65,LBP,Transfer,Mobile
TN01274,ACN0567,2026-08-29,19063.53,LBP,Transfer,Mobile
TN01275,ACN0209,2026-08-29,-455.67,SAR,Withdrawal,Mobile
TN01296,ACN0474,2026-08-29,9235.89,SAR,Transfer,Online
TN01297,ACN0252,2026-08-29,8150.44,USD,Transfer,Mobile
TN01314,ACN0340,2026-08-29,23051.19,USD,Deposit,Branch
TN01342,ACN0366,2026-08-29,2206.25,USD,Transfer,ATM
TN01398,ACN0024,2026-08-29,7143.18,USD,Deposit,Online
TN01447,ACN0161,2026-08-29,1149.2,SAR,Deposit,ATM
TN01451,ACN0008,2026-08-29,897.54,USD,Deposit,Online
TN01463,ACN0268,2026-08-29,-3421.78,QAR,Withdrawal,Online
TN01495,ACN0248,2026-08-29,12534.23,USD,Transfer,ATM
TN01512,ACN0143,2026-08-29,10193.83,SAR,Transfer,Branch
TN01558,ACN0452,2026-08-29,-7051.89,QAR,Withdrawal,Online
TN01575,ACN0268,2026-08-29,-24342.49,LBP,Withdrawal,ATM
TN01603,ACN0128,2026-08-29,22496.17,USD,Deposit,ATM
TN01610,ACN0352,2026-08-29,-24216.33,USD,Withdrawal,Mobile
TN01661,ACN0511,2026-08-29,18131.24,USD,Transfer,Mobile
TN01662,ACN0597,2026-08-29,-4686.13,USD,Withdrawal,Branch
TN01674,ACN0024,2026-08-29,16079.93,USD,Transfer,Mobile
TN01680,ACN0392,2026-08-29,-3254.97,USD,Withdrawal,ATM
TN01731,ACN0472,2026-08-29,13522.95,QAR,Transfer,Branch
TN01780,ACN0306,2026-08-29,-14517.49,QAR,Withdrawal,Online
TN01789,ACN0192,2026-08-29,3820.85,USD,Deposit,Mobile
TN01807,ACN0301,2026-08-29,16969.39,LBP,Transfer,Branch
TN01863,ACN0286,2026-08-29,11760.67,USD,Transfer,Online
TN01888,ACN0361,2026-08-29,24023.8,USD,Deposit,Branch
TN01895,ACN0275,2026-08-29,2097.28,LBP,Transfer,Online
TN01915,ACN0161,2026-08-29,-221.09,SAR,Withdrawal,Mobile
TN01924,ACN0462,2026-08-29,-14148.53,QAR,Withdrawal,ATM
TN01929,ACN0232,2026-08-29,13777.25,SAR,Transfer,Mobile
TN01979,ACN0314,2026-08-29,-20372.85,SAR,Withdrawal,Mobile
TN00003,ACN0507,2026-08-30,17844.82,USD,Deposit,Mobile
TN00022,ACN0280,2026-08-30,16585.18,USD,Transfer,Online
TN00062,ACN0089,2026-08-30,3244.83,LBP,Transfer,Mobile
TN00082,ACN0151,2026-08-30,11165.8,LBP,Transfer,Mobile
TN00085,ACN0130,2026-08-30,-13528.94,SAR,Withdrawal,Mobile
TN00094,ACN0064,2026-08-30,-3268.98,USD,Withdrawal,ATM
TN00098,ACN0526,2026-08-30,-2969.09,USD,Payment,Branch
TN00135,ACN0009,2026-08-30,9274.61,USD,Deposit,ATM
TN00138,ACN0505,2026-08-30,-17680.06,QAR,Payment,Branch
TN00163,ACN0201,2026-08-30,-16021.06,LBP,Payment,ATM
TN00170,ACN0369,2026-08-30,761.55,LBP,Deposit,ATM
TN00201,ACN0588,2026-08-30,-24504.7,USD,Payment,Branch
TN00207,ACN0071,2026-08-30,-22591.62,LBP,Withdrawal,ATM
TN00215,ACN0069,2026-08-30,18065.79,LBP,Transfer,ATM
TN00246,ACN0067,2026-08-30,-1768.22,LBP,Payment,Online
TN00272,ACN0061,2026-08-30,20233.28,USD,Transfer,Online
TN00286,ACN0103,2026-08-30,7360.7,LBP,Transfer,Online
TN00298,ACN0002,2026-08-30,-14759.69,LBP,Withdrawal,Online
TN00310,ACN0149,2026-08-30,20112.87,USD,Deposit,Branch
TN00329,ACN0193,2026-08-30,21405.01,USD,Deposit,Mobile
TN00333,ACN0276,2026-08-30,-17426.14,LBP,Payment,Mobile
TN00405,ACN0182,2026-08-30,17190.42,USD,Transfer,ATM
TN00469,ACN0371,2026-08-30,24464.45,USD,Transfer,Online
TN00475,ACN0011,2026-08-30,22346.61,LBP,Transfer,ATM
TN00542,ACN0080,2026-08-30,12375.25,LBP,Deposit,Mobile
TN00543,ACN0395,2026-08-30,2631.28,LBP,Deposit,Mobile
TN00582,ACN0205,2026-08-30,10419.48,LBP,Deposit,Branch
TN00599,ACN0175,2026-08-30,-17496.72,QAR,Withdrawal,ATM
TN00616,ACN0503,2026-08-30,-7166.51,USD,Withdrawal,ATM
TN00641,ACN0079,2026-08-30,23460.49,USD,Deposit,Mobile
TN00667,ACN0455,2026-08-30,1954.71,LBP,Deposit,ATM
TN00725,ACN0567,2026-08-30,1249.4,LBP,Deposit,Branch
TN00747,ACN0166,2026-08-30,-3054.51,USD,Withdrawal,Online
TN00807,ACN0170,2026-08-30,-16472.04,USD,Withdrawal,ATM
TN00816,ACN0236,2026-08-30,4715.5,LBP,Deposit,Branch
TN00852,ACN0411,2026-08-30,8813.58,USD,Transfer,Mobile
TN00872,ACN0146,2026-08-30,-19892.92,USD,Payment,ATM
TN00911,ACN0572,2026-08-30,5002.31,USD,Transfer,ATM
TN00926,ACN0588,2026-08-30,-15258.59,USD,Payment,Mobile
TN00931,ACN0335,2026-08-30,-16347.25,USD,Withdrawal,Mobile
TN01067,ACN0123,2026-08-30,-22142.28,LBP,Withdrawal,Mobile
TN01071,ACN0516,2026-08-30,4740.46,LBP,Transfer,Branch
TN01074,ACN0518,2026-08-30,4615.4,LBP,Deposit,Mobile
TN01086,ACN0412,2026-08-30,15669.97,LBP,Deposit,ATM
TN01098,ACN0093,2026-08-30,-22547.06,USD,Withdrawal,Online
TN01123,ACN0082,2026-08-30,-15643.78,USD,Withdrawal,Branch
TN01126,ACN0148,2026-08-30,-14394.34,LBP,Payment,Mobile
TN01135,ACN0501,2026-08-30,-24977.45,SAR,Withdrawal,Branch
TN01154,ACN0273,2026-08-30,9751.62,USD,Deposit,ATM
TN01176,ACN0070,2026-08-30,14749.92,QAR,Deposit,Mobile
TN01198,ACN0288,2026-08-30,17977.39,LBP,Transfer,Branch
TN01216,ACN0555,2026-08-30,23789.73,USD,Transfer,ATM
TN01238,ACN0166,2026-08-30,4686.03,USD,Deposit,Online
TN01266,ACN0564,2026-08-30,-101.61,USD,Payment,ATM
TN01271,ACN0099,2026-08-30,-17174.37,USD,Payment,Branch
TN01280,ACN0390,2026-08-30,19131.09,SAR,Deposit,Mobile
TN01315,ACN0576,2026-08-30,636.59,SAR,Deposit,ATM
TN01323,ACN0561,2026-08-30,24760.85,USD,Transfer,Branch
TN01400,ACN0326,2026-08-30,-4581.82,USD,Payment,Branch
TN01443,ACN0007,2026-08-30,-12248.95,USD,Payment,Online
TN01501,ACN0127,2026-08-30,-15169.28,USD,Withdrawal,Branch
TN01564,ACN0322,2026-08-30,-23266.66,USD,Withdrawal,Online
TN01619,ACN0465,2026-08-30,20693.43,LBP,Deposit,ATM
TN01675,ACN0357,2026-08-30,2330.03,SAR,Transfer,Mobile
TN01676,ACN0524,2026-08-30,15309.76,USD,Deposit,Mobile
TN01687,ACN0132,2026-08-30,20584.49,USD,Deposit,ATM
TN01692,ACN0397,2026-08-30,-23102.02,QAR,Withdrawal,ATM
TN01708,ACN0351,2026-08-30,11597.11,USD,Transfer,ATM
TN01760,ACN0210,2026-08-30,2716.85,USD,Transfer,ATM
TN01810,ACN0043,2026-08-30,17874.66,LBP,Deposit,ATM
TN01824,ACN0259,2026-08-30,3322.39,SAR,Deposit,Mobile
TN01877,ACN0528,2026-08-30,-24435.56,LBP,Payment,Mobile
TN01967,ACN0585,2026-08-30,6606.47,LBP,Transfer,Mobile
TN00006,ACN0150,2026-08-31,24403.68,SAR,Deposit,Online
TN00049,ACN0215,2026-08-31,-3645.95,USD,Withdrawal,Mobile
TN00063,ACN0426,2026-08-31,-12353.25,USD,Payment,Branch
TN00092,ACN0144,2026-08-31,13001.27,LBP,Transfer,Mobile
TN00118,ACN0208,2026-08-31,14933.18,LBP,Deposit,Mobile
TN00146,ACN0586,2026-08-31,24756.81,USD,Transfer,ATM
TN00150,ACN0056,2026-08-31,13001.48,USD,Transfer,Mobile
TN00244,ACN0553,2026-08-31,22943.6,LBP,Deposit,Mobile
TN00281,ACN0287,2026-08-31,-18790.96,USD,Payment,Mobile
TN00295,ACN0576,2026-08-31,-10935.32,SAR,Payment,Branch
TN00304,ACN0216,2026-08-31,23362.13,USD,Transfer,Branch
TN00317,ACN0501,2026-08-31,22713.79,QAR,Transfer,ATM
TN00347,ACN0093,2026-08-31,1935.8,USD,Transfer,Branch
TN00415,ACN0116,2026-08-31,-24769.39,SAR,Withdrawal,ATM
TN00490,ACN0406,2026-08-31,9378.6,USD,Deposit,ATM
TN00539,ACN0458,2026-08-31,13053.66,USD,Transfer,Mobile
TN00540,ACN0288,2026-08-31,-18277.0,SAR,Withdrawal,Mobile
TN00561,ACN0486,2026-08-31,12217.92,USD,Transfer,Branch
TN00610,ACN0047,2026-08-31,18327.28,USD,Deposit,Mobile
TN00656,ACN0391,2026-08-31,-24815.47,USD,Withdrawal,ATM
TN00666,ACN0362,2026-08-31,-1137.43,USD,Withdrawal,Branch
TN00677,ACN0590,2026-08-31,6115.84,USD,Deposit,Online
TN00716,ACN0295,2026-08-31,-11190.38,USD,Withdrawal,Branch
TN00735,ACN0483,2026-08-31,-10749.77,LBP,Withdrawal,Mobile
TN00756,ACN0069,2026-08-31,-13987.72,LBP,Withdrawal,Branch
TN00762,ACN0485,2026-08-31,86.72,LBP,Deposit,Branch
TN00854,ACN0326,2026-08-31,-13322.06,USD,Withdrawal,Mobile
TN00878,ACN0300,2026-08-31,-6447.5,LBP,Payment,Mobile
TN00891,ACN0136,2026-08-31,-1540.41,USD,Withdrawal,Mobile
TN00971,ACN0524,2026-08-31,21003.52,USD,Deposit,Branch
TN00994,ACN0590,2026-08-31,24168.91,USD,Deposit,Mobile
TN01003,ACN0552,2026-08-31,20909.17,USD,Transfer,ATM
TN01011,ACN0584,2026-08-31,-8109.43,USD,Payment,Branch
TN01056,ACN0102,2026-08-31,-4658.92,SAR,Withdrawal,Branch
TN01058,ACN0120,2026-08-31,-138.37,USD,Payment,Online
TN01060,ACN0412,2026-08-31,3558.9,LBP,Deposit,ATM
TN01075,ACN0026,2026-08-31,-1753.18,USD,Payment,ATM
TN01079,ACN0397,2026-08-31,3008.66,QAR,Transfer,Branch
TN01083,ACN0157,2026-08-31,-21988.52,LBP,Withdrawal,Online
TN01159,ACN0200,2026-08-31,-12613.15,LBP,Withdrawal,ATM
TN01168,ACN0105,2026-08-31,-23504.27,SAR,Withdrawal,Online
TN01173,ACN0491,2026-08-31,5490.64,QAR,Deposit,Online
TN01212,ACN0405,2026-08-31,-20487.64,USD,Withdrawal,Mobile
TN01224,ACN0097,2026-08-31,-18731.32,USD,Withdrawal,Mobile
TN01276,ACN0128,2026-08-31,21137.65,USD,Deposit,Mobile
TN01287,ACN0435,2026-08-31,6388.04,USD,Deposit,Online
TN01329,ACN0286,2026-08-31,19461.84,USD,Transfer,Branch
TN01332,ACN0152,2026-08-31,21115.32,LBP,Transfer,ATM
TN01334,ACN0430,2026-08-31,7491.13,USD,Transfer,Mobile
TN01338,ACN0416,2026-08-31,-5893.08,USD,Withdrawal,Branch
TN01373,ACN0566,2026-08-31,2914.47,USD,Deposit,ATM
TN01394,ACN0034,2026-08-31,15959.25,USD,Transfer,Mobile
TN01415,ACN0255,2026-08-31,1024.35,SAR,Deposit,Mobile
TN01437,ACN0079,2026-08-31,22400.21,USD,Deposit,Branch
TN01442,ACN0550,2026-08-31,23458.03,SAR,Transfer,Mobile
TN01476,ACN0154,2026-08-31,-14083.78,USD,Withdrawal,Mobile
TN01487,ACN0315,2026-08-31,-3981.65,SAR,Withdrawal,Mobile
TN01526,ACN0542,2026-08-31,1172.09,USD,Deposit,Mobile
TN01594,ACN0452,2026-08-31,23092.76,LBP,Deposit,ATM
TN01650,ACN0465,2026-08-31,-16448.79,USD,Withdrawal,ATM
TN01659,ACN0475,2026-08-31,22065.01,USD,Transfer,ATM
TN01669,ACN0382,2026-08-31,8946.96,USD,Transfer,ATM
TN01671,ACN0207,2026-08-31,24450.19,USD,Deposit,Mobile
TN01709,ACN0105,2026-08-31,11559.42,USD,Deposit,Online
TN01894,ACN0416,2026-08-31,9286.31,USD,Transfer,Online
TN01908,ACN0559,2026-08-31,-19003.93,LBP,Withdrawal,Mobile
TN01920,ACN0432,2026-08-31,1178.94,QAR,Transfer,Mobile
TN01925,ACN0405,2026-08-31,23832.22,USD,Deposit,Mobile
TN01999,ACN0123,2026-08-31,-15113.3,LBP,Withdrawal,Mobile
TN00141,ACN0234,2026-09-01,-18227.89,LBP,Payment,Mobile
TN00178,ACN0336,2026-09-01,15743.89,USD,Deposit,Online
TN00187,ACN0419,2026-09-01,-12448.63,USD,Withdrawal,Branch
TN00214,ACN0045,2026-09-01,21766.08,LBP,Deposit,Mobile
TN00262,ACN0029,2026-09-01,16140.43,LBP,Transfer,Online
TN00291,ACN0393,2026-09-01,5524.99,USD,Transfer,Online
TN00337,ACN0280,2026-09-01,19956.47,QAR,Deposit,Online
TN00371,ACN0157,2026-09-01,4687.77,LBP,Transfer,Online
TN00374,ACN0235,2026-09-01,10044.05,USD,Deposit,Online
TN00391,ACN0576,2026-09-01,10033.21,SAR,Transfer,Branch
TN00408,ACN0045,2026-09-01,19257.54,USD,Deposit,Mobile
TN00444,ACN0207,2026-09-01,828.52,USD,Transfer,Mobile
TN00457,ACN0073,2026-09-01,19303.07,LBP,Deposit,Online
TN00467,ACN0218,2026-09-01,11915.96,USD,Transfer,Mobile
TN00502,ACN0388,2026-09-01,16488.26,LBP,Transfer,Mobile
TN00509,ACN0560,2026-09-01,13053.28,LBP,Deposit,Branch
TN00535,ACN0006,2026-09-01,-21703.01,USD,Payment,Branch
TN00548,ACN0247,2026-09-01,11531.95,QAR,Deposit,ATM
TN00550,ACN0442,2026-09-01,-1347.86,LBP,Withdrawal,Branch
TN00571,ACN0340,2026-09-01,-10444.01,QAR,Withdrawal,Branch
TN00578,ACN0575,2026-09-01,2168.37,LBP,Deposit,ATM
TN00589,ACN0472,2026-09-01,2134.78,USD,Transfer,Mobile
TN00613,ACN0431,2026-09-01,-1566.93,USD,Payment,ATM
TN00648,ACN0022,2026-09-01,-863.23,USD,Withdrawal,ATM
TN00662,ACN0452,2026-09-01,19154.1,LBP,Deposit,Mobile
TN00665,ACN0234,2026-09-01,17869.45,LBP,Deposit,Branch
TN00684,ACN0465,2026-09-01,3037.31,USD,Deposit,Mobile
TN00758,ACN0377,2026-09-01,10093.64,USD,Transfer,Mobile
TN00761,ACN0590,2026-09-01,14812.41,USD,Transfer,Mobile
TN00773,ACN0260,2026-09-01,-344.6,SAR,Withdrawal,Mobile
TN00774,ACN0408,2026-09-01,17393.57,USD,Deposit,Branch
TN00795,ACN0516,2026-09-01,18583.43,LBP,Transfer,ATM
TN00886,ACN0102,2026-09-01,-12695.26,SAR,Payment,Mobile
TN00896,ACN0001,2026-09-01,10191.08,USD,Deposit,Branch
TN00935,ACN0214,2026-09-01,4098.96,USD,Deposit,Online
TN00960,ACN0533,2026-09-01,-24691.32,USD,Withdrawal,Branch
TN00981,ACN0359,2026-09-01,24084.67,QAR,Deposit,Branch
TN01102,ACN0566,2026-09-01,17502.57,USD,Transfer,Online
TN01109,ACN0428,2026-09-01,-9143.1,QAR,Payment,ATM
TN01162,ACN0455,2026-09-01,2711.47,LBP,Transfer,Branch
TN01180,ACN0263,2026-09-01,-8189.91,USD,Withdrawal,Mobile
TN01252,ACN0150,2026-09-01,1017.91,SAR,Transfer,Mobile
TN01257,ACN0065,2026-09-01,6719.93,USD,Deposit,Mobile
TN01425,ACN0230,2026-09-01,-17217.0,USD,Withdrawal,Online
TN01485,ACN0193,2026-09-01,-1622.86,USD,Withdrawal,Mobile
TN01493,ACN0482,2026-09-01,-10291.57,USD,Withdrawal,Mobile
TN01557,ACN0052,2026-09-01,5528.36,USD,Transfer,Online
TN01571,ACN0055,2026-09-01,5138.16,USD,Deposit,ATM
TN01660,ACN0254,2026-09-01,-14284.67,USD,Payment,Mobile
TN01702,ACN0436,2026-09-01,23645.34,USD,Transfer,Branch
TN01705,ACN0568,2026-09-01,11244.16,USD,Deposit,Branch
TN01710,ACN0295,2026-09-01,-13276.74,USD,Withdrawal,Branch
TN01719,ACN0498,2026-09-01,3125.6,SAR,Transfer,Mobile
TN01740,ACN0553,2026-09-01,20300.52,LBP,Deposit,ATM
TN01751,ACN0386,2026-09-01,-6231.4,SAR,Withdrawal,ATM
TN01766,ACN0067,2026-09-01,3186.9,SAR,Transfer,Mobile
TN01782,ACN0421,2026-09-01,19733.66,SAR,Deposit,Mobile
TN01815,ACN0261,2026-09-01,-23888.68,LBP,Payment,Branch
TN01864,ACN0336,2026-09-01,-22139.26,USD,Payment,Mobile
TN01917,ACN0189,2026-09-01,11495.28,USD,Deposit,Branch
TN01959,ACN0596,2026-09-01,19081.42,USD,Deposit,Branch
TN00015,ACN0288,2026-09-02,23157.4,LBP,Transfer,ATM
TN00038,ACN0153,2026-09-02,-17114.16,USD,Payment,Mobile
TN00116,ACN0334,2026-09-02,17838.25,USD,Deposit,ATM
TN00185,ACN0564,2026-09-02,18795.54,USD,Deposit,ATM
TN00208,ACN0487,2026-09-02,14385.78,USD,Deposit,Mobile
TN00248,ACN0520,2026-09-02,18130.23,USD,Deposit,Branch
TN00249,ACN0435,2026-09-02,6239.26,USD,Deposit,Online
TN00305,ACN0184,2026-09-02,-18190.34,USD,Payment,Mobile
TN00314,ACN0035,2026-09-02,9928.19,USD,Deposit,Online
TN00346,ACN0313,2026-09-02,2191.82,LBP,Transfer,ATM
TN00361,ACN0257,2026-09-02,9896.06,USD,Deposit,Online
TN00393,ACN0516,2026-09-02,13136.33,LBP,Transfer,ATM
TN00501,ACN0192,2026-09-02,22449.77,USD,Deposit,Mobile
TN00544,ACN0527,2026-09-02,-19016.99,LBP,Payment,Mobile
TN00551,ACN0392,2026-09-02,10576.26,LBP,Transfer,Branch
TN00556,ACN0176,2026-09-02,8703.88,LBP,Transfer,ATM
TN00577,ACN0052,2026-09-02,8768.45,USD,Deposit,Mobile
TN00668,ACN0426,2026-09-02,10673.35,SAR,Deposit,Mobile
TN00733,ACN0401,2026-09-02,15150.18,LBP,Deposit,ATM
TN00754,ACN0482,2026-09-02,24424.86,USD,Deposit,Branch
TN00772,ACN0370,2026-09-02,-160.25,USD,Withdrawal,Online
TN00789,ACN0196,2026-09-02,18458.0,SAR,Transfer,Branch
TN00812,ACN0137,2026-09-02,-8191.25,USD,Withdrawal,Mobile
TN00817,ACN0394,2026-09-02,10654.27,LBP,Transfer,Mobile
TN00829,ACN0366,2026-09-02,-11180.32,USD,Withdrawal,Mobile
TN00875,ACN0037,2026-09-02,3717.64,SAR,Transfer,Mobile
TN00906,ACN0270,2026-09-02,-21408.81,SAR,Withdrawal,ATM
TN00907,ACN0363,2026-09-02,7897.36,USD,Transfer,ATM
TN00929,ACN0443,2026-09-02,-10048.62,QAR,Payment,Branch
TN00958,ACN0085,2026-09-02,17937.36,LBP,Transfer,Branch
TN00959,ACN0232,2026-09-02,18256.16,SAR,Deposit,Online
TN01049,ACN0329,2026-09-02,19092.79,USD,Deposit,ATM
TN01051,ACN0314,2026-09-02,-19663.27,SAR,Withdrawal,Mobile
TN01100,ACN0458,2026-09-02,-17596.01,USD,Withdrawal,Mobile
TN01124,ACN0508,2026-09-02,4667.9,USD,Transfer,Mobile
TN01128,ACN0304,2026-09-02,12676.23,LBP,Transfer,ATM
TN01145,ACN0222,2026-09-02,-343.93,USD,Withdrawal,ATM
TN01160,ACN0012,2026-09-02,5121.92,QAR,Deposit,Branch
TN01189,ACN0012,2026-09-02,-23255.38,USD,Payment,Mobile
TN01201,ACN0238,2026-09-02,18568.3,LBP,Transfer,Mobile
TN01229,ACN0463,2026-09-02,4085.4,USD,Deposit,ATM
TN01272,ACN0346,2026-09-02,-17994.91,SAR,Payment,ATM
TN01311,ACN0150,2026-09-02,-23070.21,SAR,Payment,ATM
TN01330,ACN0495,2026-09-02,23499.7,USD,Deposit,Mobile
TN01341,ACN0003,2026-09-02,-836.46,USD,Withdrawal,ATM
TN01377,ACN0168,2026-09-02,-19132.02,USD,Withdrawal,Mobile
TN01486,ACN0145,2026-09-02,15484.49,QAR,Transfer,Mobile
TN01614,ACN0329,2026-09-02,19329.62,USD,Transfer,ATM
TN01658,ACN0554,2026-09-02,13907.48,USD,Deposit,Branch
TN01684,ACN0534,2026-09-02,19113.71,LBP,Deposit,Branch
TN01725,ACN0425,2026-09-02,-13922.42,QAR,Withdrawal,Online
TN01736,ACN0551,2026-09-02,-14699.43,LBP,Withdrawal,Mobile
TN01763,ACN0369,2026-09-02,-6974.85,LBP,Payment,ATM
TN01784,ACN0030,2026-09-02,19567.27,USD,Transfer,Online
TN01787,ACN0189,2026-09-02,8425.95,QAR,Transfer,Mobile
TN01803,ACN0440,2026-09-02,16327.47,USD,Deposit,ATM
TN01835,ACN0564,2026-09-02,4890.79,USD,Transfer,Online
TN01854,ACN0093,2026-09-02,3466.48,USD,Transfer,Branch
TN01873,ACN0089,2026-09-02,-14358.58,LBP,Payment,ATM
TN01903,ACN0068,2026-09-02,24564.53,USD,Deposit,Mobile
TN01913,ACN0224,2026-09-02,14265.49,USD,Transfer,Mobile
TN01938,ACN0522,2026-09-02,24036.89,USD,Deposit,Mobile
TN01960,ACN0442,2026-09-02,-4924.75,LBP,Withdrawal,Branch
TN01961,ACN0231,2026-09-02,8607.87,LBP,Transfer,ATM
TN01966,ACN0418,2026-09-02,6017.75,USD,Deposit,Mobile
TN01968,ACN0138,2026-09-02,24060.89,QAR,Transfer,Online
TN01985,ACN0120,2026-09-02,-7932.04,USD,Withdrawal,Mobile
TN00009,ACN0075,2026-09-03,1487.63,USD,Deposit,Mobile
TN00027,ACN0045,2026-09-03,23773.38,LBP,Transfer,Online
TN00119,ACN0395,2026-09-03,-6746.8,LBP,Payment,ATM
TN00147,ACN0077,2026-09-03,-4937.98,USD,Payment,Mobile
TN00186,ACN0598,2026-09-03,12816.31,USD,Deposit,Mobile
TN00227,ACN0017,2026-09-03,-24732.48,LBP,Withdrawal,Mobile
TN00245,ACN0228,2026-09-03,9549.52,SAR,Transfer,Mobile
TN00277,ACN0273,2026-09-03,-11841.33,USD,Payment,ATM
TN00297,ACN0119,2026-09-03,3202.89,USD,Transfer,Mobile
TN00306,ACN0164,2026-09-03,-13707.61,SAR,Payment,Mobile
TN00323,ACN0185,2026-09-03,11191.88,LBP,Deposit,Mobile
TN00358,ACN0059,2026-09-03,-15395.95,USD,Withdrawal,Branch
TN00401,ACN0565,2026-09-03,11065.78,USD,Deposit,Mobile
TN00440,ACN0080,2026-09-03,11721.53,USD,Transfer,ATM
TN00446,ACN0290,2026-09-03,-12515.4,USD,Payment,Mobile
TN00466,ACN0444,2026-09-03,8231.44,USD,Deposit,Mobile
TN00536,ACN0050,2026-09-03,-1894.55,LBP,Payment,Mobile
TN00659,ACN0013,2026-09-03,14219.66,SAR,Deposit,Mobile
TN00671,ACN0027,2026-09-03,5302.76,LBP,Deposit,Mobile
TN00723,ACN0113,2026-09-03,-15340.33,USD,Payment,Online
TN00752,ACN0258,2026-09-03,-5281.22,USD,Withdrawal,Mobile
TN00766,ACN0486,2026-09-03,-20969.46,USD,Withdrawal,Online
TN00780,ACN0199,2026-09-03,18441.59,USD,Transfer,Mobile
TN00820,ACN0415,2026-09-03,325.37,QAR,Transfer,Mobile
TN00823,ACN0515,2026-09-03,-11849.21,USD,Withdrawal,Online
TN00833,ACN0537,2026-09-03,1035.21,LBP,Transfer,Branch
TN00843,ACN0472,2026-09-03,15876.62,USD,Transfer,Mobile
TN00847,ACN0543,2026-09-03,-7309.74,USD,Withdrawal,Mobile
TN00862,ACN0484,2026-09-03,-23036.21,USD,Payment,Online
TN00910,ACN0263,2026-09-03,9349.41,USD,Deposit,ATM
TN00912,ACN0281,2026-09-03,6093.58,USD,Deposit,Online
TN00928,ACN0339,2026-09-03,16203.04,USD,Deposit,Mobile
TN00934,ACN0131,2026-09-03,-23867.42,LBP,Withdrawal,Online
TN01006,ACN0371,2026-09-03,23983.52,LBP,Transfer,Mobile
TN01035,ACN0360,2026-09-03,-15832.52,LBP,Payment,Branch
TN01110,ACN0533,2026-09-03,-605.64,USD,Payment,Branch
TN01136,ACN0362,2026-09-03,-22001.77,USD,Withdrawal,Mobile
TN01163,ACN0465,2026-09-03,14670.28,USD,Deposit,Branch
TN01164,ACN0335,2026-09-03,9233.17,USD,Transfer,ATM
TN01242,ACN0010,2026-09-03,-20290.31,USD,Withdrawal,Online
TN01253,ACN0350,2026-09-03,-13391.57,LBP,Withdrawal,Online
TN01256,ACN0346,2026-09-03,12252.09,SAR,Deposit,Mobile
TN01283,ACN0173,2026-09-03,5194.13,LBP,Transfer,ATM
TN01336,ACN0158,2026-09-03,-24459.4,USD,Withdrawal,Branch
TN01384,ACN0089,2026-09-03,-4074.06,LBP,Payment,Mobile
TN01389,ACN0507,2026-09-03,11457.17,USD,Transfer,Branch
TN01435,ACN0484,2026-09-03,22258.62,SAR,Transfer,ATM
TN01462,ACN0076,2026-09-03,13815.89,SAR,Deposit,Branch
TN01473,ACN0296,2026-09-03,-19711.98,LBP,Withdrawal,Branch
TN01617,ACN0049,2026-09-03,20828.95,QAR,Deposit,ATM
TN01632,ACN0085,2026-09-03,10714.12,USD,Transfer,Online
TN01727,ACN0255,2026-09-03,4371.4,SAR,Deposit,ATM
TN01773,ACN0093,2026-09-03,-14717.04,USD,Withdrawal,Branch
TN01833,ACN0241,2026-09-03,-7248.29,SAR,Payment,Mobile
TN01859,ACN0382,2026-09-03,-20878.51,USD,Withdrawal,Mobile
TN01869,ACN0112,2026-09-03,-16430.29,USD,Payment,Branch
TN01889,ACN0010,2026-09-03,13530.24,USD,Transfer,ATM
TN01916,ACN0075,2026-09-03,-24634.5,USD,Withdrawal,Online
TN01992,ACN0026,2026-09-03,10284.84,USD,Transfer,Mobile
TN00081,ACN0312,2026-09-04,7856.11,SAR,Transfer,Online
TN00122,ACN0513,2026-09-04,24198.43,USD,Deposit,Branch
TN00226,ACN0387,2026-09-04,23221.94,USD,Transfer,Branch
TN00257,ACN0426,2026-09-04,-24262.91,USD,Payment,ATM
TN00316,ACN0392,2026-09-04,16336.82,USD,Deposit,Branch
TN00343,ACN0274,2026-09-04,18140.97,USD,Deposit,ATM
TN00344,ACN0429,2026-09-04,4593.95,QAR,Transfer,Mobile
TN00353,ACN0537,2026-09-04,-4386.86,LBP,Payment,Mobile
TN00354,ACN0053,2026-09-04,-9489.79,USD,Withdrawal,ATM
TN00359,ACN0359,2026-09-04,-4670.22,QAR,Payment,Mobile
TN00363,ACN0144,2026-09-04,-10860.32,SAR,Withdrawal,Mobile
TN00368,ACN0111,2026-09-04,3170.57,USD,Transfer,Mobile
TN00452,ACN0459,2026-09-04,8488.74,USD,Transfer,Online
TN00508,ACN0033,2026-09-04,8583.41,USD,Deposit,Mobile
TN00534,ACN0091,2026-09-04,22558.87,SAR,Deposit,Mobile
TN00568,ACN0592,2026-09-04,24332.8,USD,Transfer,Branch
TN00587,ACN0310,2026-09-04,14516.45,SAR,Transfer,Branch
TN00632,ACN0037,2026-09-04,-5646.62,USD,Withdrawal,ATM
TN00636,ACN0121,2026-09-04,-24563.71,QAR,Payment,ATM
TN00646,ACN0313,2026-09-04,5285.03,LBP,Transfer,Mobile
TN00717,ACN0476,2026-09-04,-16522.11,LBP,Payment,Mobile
TN00750,ACN0278,2026-09-04,-15385.21,LBP,Withdrawal,Branch
TN00798,ACN0035,2026-09-04,-2633.23,USD,Withdrawal,Branch
TN00813,ACN0435,2026-09-04,13362.2,USD,Transfer,Mobile
TN00827,ACN0041,2026-09-04,12250.74,SAR,Deposit,ATM
TN00844,ACN0572,2026-09-04,8528.09,USD,Deposit,Branch
TN00848,ACN0160,2026-09-04,4185.02,USD,Transfer,ATM
TN00861,ACN0198,2026-09-04,-4051.25,LBP,Payment,ATM
TN00885,ACN0537,2026-09-04,-18539.62,LBP,Payment,ATM
TN00920,ACN0189,2026-09-04,-5707.5,USD,Withdrawal,Mobile
TN00947,ACN0215,2026-09-04,-16530.59,USD,Payment,Mobile
TN00990,ACN0430,2026-09-04,6296.2,USD,Transfer,Mobile
TN00999,ACN0260,2026-09-04,-17081.63,USD,Withdrawal,ATM
TN01005,ACN0208,2026-09-04,17690.75,LBP,Deposit,ATM
TN01009,ACN0270,2026-09-04,8517.3,SAR,Deposit,Online
TN01017,ACN0373,2026-09-04,6603.66,USD,Transfer,Online
TN01039,ACN0511,2026-09-04,5474.98,LBP,Deposit,Mobile
TN01084,ACN0398,2026-09-04,-22050.8,SAR,Payment,ATM
TN01143,ACN0164,2026-09-04,-16651.41,SAR,Withdrawal,Branch
TN01177,ACN0358,2026-09-04,14547.95,USD,Transfer,Mobile
TN01202,ACN0468,2026-09-04,13623.88,USD,Transfer,ATM
TN01248,ACN0029,2026-09-04,18167.85,LBP,Deposit,Mobile
TN01273,ACN0585,2026-09-04,23197.73,LBP,Transfer,Branch
TN01299,ACN0136,2026-09-04,15232.05,USD,Deposit,ATM
TN01303,ACN0478,2026-09-04,-23583.27,SAR,Payment,Mobile
TN01348,ACN0167,2026-09-04,20260.56,USD,Transfer,ATM
TN01354,ACN0035,2026-09-04,-9782.04,USD,Withdrawal,Mobile
TN01399,ACN0538,2026-09-04,21292.22,SAR,Transfer,Mobile
TN01449,ACN0121,2026-09-04,18107.07,QAR,Transfer,Online
TN01475,ACN0387,2026-09-04,-8550.4,USD,Withdrawal,ATM
TN01490,ACN0400,2026-09-04,23654.62,QAR,Deposit,Online
TN01498,ACN0222,2026-09-04,19130.86,USD,Deposit,Mobile
TN01509,ACN0219,2026-09-04,-15251.37,USD,Withdrawal,Branch
TN01541,ACN0334,2026-09-04,15067.95,USD,Transfer,Online
TN01612,ACN0517,2026-09-04,17771.17,QAR,Deposit,Online
TN01630,ACN0348,2026-09-04,10560.68,USD,Transfer,ATM
TN01691,ACN0146,2026-09-04,10608.08,USD,Deposit,Mobile
TN01700,ACN0578,2026-09-04,-16003.17,LBP,Payment,Mobile
TN01814,ACN0527,2026-09-04,-21067.15,LBP,Payment,ATM
TN01816,ACN0545,2026-09-04,13386.3,LBP,Deposit,Mobile
TN01902,ACN0363,2026-09-04,14755.38,USD,Transfer,Online
TN01946,ACN0131,2026-09-04,2598.82,LBP,Transfer,Branch
TN01948,ACN0003,2026-09-04,20625.46,USD,Transfer,Mobile
TN01956,ACN0058,2026-09-04,-13938.36,USD,Withdrawal,ATM
TN01969,ACN0192,2026-09-04,-16674.43,USD,Payment,ATM
TN01989,ACN0571,2026-09-04,3927.33,SAR,Deposit,Mobile
TN01995,ACN0048,2026-09-04,-15739.91,USD,Payment,Mobile
TN01996,ACN0550,2026-09-04,23190.74,USD,Deposit,Mobile
TN00011,ACN0047,2026-09-05,12623.46,LBP,Deposit,ATM
TN00030,ACN0183,2026-09-05,19276.52,LBP,Deposit,Branch
TN00084,ACN0309,2026-09-05,13445.09,SAR,Deposit,Mobile
TN00112,ACN0087,2026-09-05,15179.23,SAR,Transfer,Mobile
TN00145,ACN0431,2026-09-05,-7919.72,LBP,Withdrawal,Branch
TN00192,ACN0307,2026-09-05,8678.88,USD,Deposit,Mobile
TN00230,ACN0195,2026-09-05,23359.5,USD,Transfer,Branch
TN00268,ACN0276,2026-09-05,23251.82,LBP,Transfer,Branch
TN00303,ACN0221,2026-09-05,-17609.43,SAR,Withdrawal,Branch
TN00341,ACN0545,2026-09-05,22052.89,LBP,Transfer,Branch
TN00364,ACN0114,2026-09-05,1025.6,QAR,Deposit,ATM
TN00400,ACN0598,2026-09-05,18649.33,USD,Deposit,ATM
TN00453,ACN0041,2026-09-05,-19358.89,SAR,Payment,Online
TN00463,ACN0108,2026-09-05,3971.98,LBP,Deposit,ATM
TN00528,ACN0473,2026-09-05,21044.24,USD,Deposit,ATM
TN00607,ACN0070,2026-09-05,-16135.45,QAR,Payment,Mobile
TN00640,ACN0251,2026-09-05,-3260.31,LBP,Payment,Branch
TN00649,ACN0087,2026-09-05,21367.26,SAR,Deposit,Online
TN00650,ACN0394,2026-09-05,-5626.72,LBP,Withdrawal,ATM
TN00720,ACN0331,2026-09-05,7954.11,SAR,Deposit,ATM
TN00730,ACN0279,2026-09-05,20328.64,LBP,Transfer,Branch
TN00765,ACN0513,2026-09-05,6034.51,USD,Transfer,ATM
TN00793,ACN0175,2026-09-05,20871.41,QAR,Deposit,Mobile
TN00802,ACN0383,2026-09-05,12074.29,USD,Transfer,Online
TN00821,ACN0012,2026-09-05,-23998.83,USD,Withdrawal,Branch
TN00830,ACN0366,2026-09-05,13291.09,USD,Transfer,Branch
TN00882,ACN0538,2026-09-05,-12110.28,USD,Withdrawal,ATM
TN00992,ACN0500,2026-09-05,20938.55,LBP,Transfer,Online
TN01016,ACN0410,2026-09-05,22217.33,USD,Transfer,Mobile
TN01032,ACN0414,2026-09-05,23726.77,LBP,Transfer,ATM
TN01073,ACN0474,2026-09-05,16110.5,SAR,Deposit,Online
TN01165,ACN0027,2026-09-05,16165.28,LBP,Transfer,Mobile
TN01186,ACN0342,2026-09-05,23670.94,SAR,Deposit,Mobile
TN01196,ACN0157,2026-09-05,9950.52,QAR,Deposit,ATM
TN01289,ACN0544,2026-09-05,21150.65,USD,Transfer,Mobile
TN01298,ACN0022,2026-09-05,-22373.06,USD,Withdrawal,Mobile
TN01306,ACN0119,2026-09-05,10322.08,USD,Transfer,Branch
TN01382,ACN0365,2026-09-05,8843.94,USD,Transfer,Mobile
TN01403,ACN0566,2026-09-05,2528.88,USD,Transfer,Branch
TN01519,ACN0091,2026-09-05,19073.15,SAR,Transfer,Mobile
TN01531,ACN0431,2026-09-05,14326.43,LBP,Transfer,Mobile
TN01580,ACN0122,2026-09-05,-17508.79,USD,Withdrawal,Mobile
TN01583,ACN0358,2026-09-05,-3997.24,USD,Withdrawal,Mobile
TN01597,ACN0473,2026-09-05,-13314.29,LBP,Withdrawal,Online
TN01600,ACN0545,2026-09-05,-13119.18,LBP,Withdrawal,Mobile
TN01618,ACN0039,2026-09-05,9118.31,LBP,Deposit,ATM
TN01748,ACN0567,2026-09-05,8346.01,LBP,Transfer,Mobile
TN01772,ACN0563,2026-09-05,-23259.14,LBP,Withdrawal,Mobile
TN01777,ACN0551,2026-09-05,13889.88,LBP,Transfer,ATM
TN01786,ACN0379,2026-09-05,10122.83,USD,Deposit,Online
TN01806,ACN0087,2026-09-05,-22531.24,SAR,Withdrawal,ATM
TN01813,ACN0107,2026-09-05,-17884.58,SAR,Withdrawal,Mobile
TN01832,ACN0086,2026-09-05,4749.98,USD,Transfer,ATM
TN01887,ACN0455,2026-09-05,-17623.1,LBP,Payment,Mobile
TN01914,ACN0384,2026-09-05,-532.37,LBP,Payment,ATM
TN01954,ACN0555,2026-09-05,1690.68,QAR,Transfer,Branch
TN01958,ACN0157,2026-09-05,12813.38,LBP,Deposit,Branch
TN01962,ACN0465,2026-09-05,21165.8,USD,Deposit,Branch
TN01980,ACN0331,2026-09-05,9292.97,SAR,Transfer,Mobile
TN02000,ACN0127,2026-09-05,5456.06,USD,Transfer,Mobile
TN00002,ACN0581,2026-09-06,17970.21,LBP,Deposit,Online
TN00042,ACN0187,2026-09-06,1150.56,LBP,Transfer,ATM
TN00065,ACN0516,2026-09-06,1610.37,LBP,Deposit,Branch
TN00075,ACN0252,2026-09-06,18842.61,USD,Deposit,Branch
TN00078,ACN0323,2026-09-06,-19313.87,USD,Withdrawal,Mobile
TN00093,ACN0370,2026-09-06,-3680.9,USD,Withdrawal,Branch
TN00103,ACN0561,2026-09-06,-21763.25,USD,Withdrawal,ATM
TN00153,ACN0453,2026-09-06,15276.25,USD,Deposit,Mobile
TN00155,ACN0011,2026-09-06,-11615.94,USD,Withdrawal,Mobile
TN00158,ACN0130,2026-09-06,6422.03,USD,Transfer,Mobile
TN00165,ACN0580,2026-09-06,-15410.26,USD,Payment,Branch
TN00176,ACN0388,2026-09-06,7962.43,LBP,Transfer,ATM
TN00196,ACN0193,2026-09-06,-23549.41,USD,Withdrawal,ATM
TN00233,ACN0378,2026-09-06,22138.79,LBP,Deposit,Mobile
TN00265,ACN0083,2026-09-06,-4736.8,USD,Withdrawal,ATM
TN00360,ACN0087,2026-09-06,-22464.78,QAR,Withdrawal,Branch
TN00369,ACN0243,2026-09-06,20749.3,USD,Deposit,Mobile
TN00379,ACN0484,2026-09-06,15170.92,LBP,Deposit,Online
TN00421,ACN0490,2026-09-06,2846.84,QAR,Transfer,ATM
TN00425,ACN0236,2026-09-06,-14532.48,LBP,Withdrawal,Mobile
TN00447,ACN0133,2026-09-06,2452.55,USD,Transfer,Mobile
TN00471,ACN0306,2026-09-06,-11296.49,LBP,Payment,Mobile
TN00473,ACN0305,2026-09-06,8744.92,USD,Deposit,Mobile
TN00483,ACN0344,2026-09-06,4411.83,SAR,Deposit,Mobile
TN00493,ACN0326,2026-09-06,-23979.83,USD,Withdrawal,Online
TN00549,ACN0122,2026-09-06,-2119.99,USD,Payment,ATM
TN00552,ACN0283,2026-09-06,-12350.53,USD,Withdrawal,Mobile
TN00559,ACN0146,2026-09-06,-16657.46,USD,Payment,Branch
TN00576,ACN0127,2026-09-06,7659.42,USD,Deposit,Mobile
TN00585,ACN0367,2026-09-06,-10703.18,USD,Withdrawal,Mobile
TN00618,ACN0144,2026-09-06,-9001.83,SAR,Payment,Online
TN00627,ACN0270,2026-09-06,826.22,SAR,Transfer,ATM
TN00630,ACN0037,2026-09-06,-1787.66,USD,Withdrawal,Mobile
TN00635,ACN0387,2026-09-06,10754.37,USD,Transfer,Branch
TN00653,ACN0029,2026-09-06,-20734.4,LBP,Withdrawal,Mobile
TN00742,ACN0239,2026-09-06,12345.58,LBP,Deposit,ATM
TN00764,ACN0054,2026-09-06,20184.71,LBP,Deposit,ATM
TN00778,ACN0182,2026-09-06,-3308.57,QAR,Payment,Branch
TN00808,ACN0083,2026-09-06,21446.9,LBP,Deposit,Branch
TN00818,ACN0493,2026-09-06,23963.65,USD,Deposit,ATM
TN00857,ACN0101,2026-09-06,-16334.54,USD,Withdrawal,Mobile
TN00894,ACN0499,2026-09-06,259.87,SAR,Deposit,Branch
TN00916,ACN0076,2026-09-06,-19385.57,SAR,Withdrawal,Online
TN00968,ACN0532,2026-09-06,19553.22,USD,Deposit,Online
TN00975,ACN0156,2026-09-06,-23879.16,LBP,Withdrawal,ATM
TN00976,ACN0411,2026-09-06,22525.9,USD,Deposit,Mobile
TN00980,ACN0249,2026-09-06,-4002.89,SAR,Withdrawal,Branch
TN00988,ACN0507,2026-09-06,24081.85,USD,Transfer,Online
TN01015,ACN0570,2026-09-06,14210.78,QAR,Transfer,Mobile
TN01090,ACN0475,2026-09-06,-19104.13,USD,Withdrawal,ATM
TN01095,ACN0589,2026-09-06,4961.29,LBP,Transfer,ATM
TN01101,ACN0164,2026-09-06,-3817.38,QAR,Payment,Branch
TN01111,ACN0245,2026-09-06,6592.57,USD,Transfer,ATM
TN01200,ACN0046,2026-09-06,-20888.1,QAR,Payment,Mobile
TN01268,ACN0431,2026-09-06,1293.81,LBP,Deposit,Mobile
TN01292,ACN0286,2026-09-06,-4666.78,USD,Payment,Mobile
TN01294,ACN0181,2026-09-06,11766.8,LBP,Deposit,ATM
TN01304,ACN0415,2026-09-06,13096.29,LBP,Transfer,Online
TN01307,ACN0499,2026-09-06,420.72,SAR,Deposit,Mobile
TN01376,ACN0174,2026-09-06,16801.84,USD,Transfer,ATM
TN01410,ACN0193,2026-09-06,-5963.03,USD,Withdrawal,Mobile
TN01421,ACN0249,2026-09-06,-23729.59,USD,Withdrawal,ATM
TN01436,ACN0247,2026-09-06,-12338.9,LBP,Withdrawal,Branch
TN01516,ACN0346,2026-09-06,23391.1,SAR,Deposit,Mobile
TN01522,ACN0112,2026-09-06,-21188.84,USD,Withdrawal,Mobile
TN01537,ACN0229,2026-09-06,3549.48,SAR,Deposit,Mobile
TN01546,ACN0564,2026-09-06,-9469.84,USD,Withdrawal,Online
TN01547,ACN0222,2026-09-06,12058.59,LBP,Deposit,Mobile
TN01682,ACN0220,2026-09-06,14305.66,USD,Deposit,ATM
TN01696,ACN0442,2026-09-06,-14778.5,LBP,Withdrawal,Branch
TN01715,ACN0261,2026-09-06,22243.12,LBP,Transfer,Branch
TN01717,ACN0033,2026-09-06,6664.79,USD,Deposit,ATM
TN01757,ACN0540,2026-09-06,-14402.24,USD,Withdrawal,Branch
TN01776,ACN0360,2026-09-06,11872.53,LBP,Deposit,Branch
TN01797,ACN0270,2026-09-06,-15972.08,USD,Payment,Online
TN01839,ACN0444,2026-09-06,-16717.68,USD,Payment,Branch
TN01875,ACN0569,2026-09-06,21632.81,LBP,Transfer,Mobile
TN01876,ACN0286,2026-09-06,-19154.46,USD,Payment,Branch
TN00013,ACN0516,2026-09-07,-8492.63,SAR,Withdrawal,Mobile
TN00050,ACN0552,2026-09-07,7536.93,QAR,Deposit,Branch
TN00051,ACN0171,2026-09-07,-18474.75,USD,Payment,Mobile
TN00068,ACN0107,2026-09-07,23167.27,SAR,Transfer,Online
TN00076,ACN0440,2026-09-07,-10244.55,USD,Withdrawal,Mobile
TN00089,ACN0460,2026-09-07,18426.73,LBP,Deposit,ATM
TN00105,ACN0136,2026-09-07,12629.0,USD,Transfer,Mobile
TN00169,ACN0031,2026-09-07,3577.2,USD,Transfer,Mobile
TN00173,ACN0114,2026-09-07,-5271.73,QAR,Withdrawal,Mobile
TN00183,ACN0038,2026-09-07,22374.22,LBP,Deposit,ATM
TN00195,ACN0566,2026-09-07,18068.31,USD,Transfer,Branch
TN00205,ACN0239,2026-09-07,13119.4,USD,Deposit,Branch
TN00217,ACN0169,2026-09-07,12661.49,QAR,Deposit,ATM
TN00254,ACN0180,2026-09-07,11602.01,LBP,Deposit,Mobile
TN00301,ACN0304,2026-09-07,12505.82,SAR,Transfer,Branch
TN00352,ACN0541,2026-09-07,1078.05,USD,Transfer,Mobile
TN00357,ACN0528,2026-09-07,905.02,LBP,Transfer,Mobile
TN00362,ACN0550,2026-09-07,2735.2,USD,Transfer,ATM
TN00386,ACN0574,2026-09-07,-22374.93,LBP,Payment,Branch
TN00449,ACN0039,2026-09-07,3805.41,USD,Deposit,Online
TN00464,ACN0474,2026-09-07,8736.47,SAR,Transfer,Online
TN00477,ACN0417,2026-09-07,18062.71,LBP,Deposit,Online
TN00500,ACN0026,2026-09-07,3281.09,USD,Transfer,Mobile
TN00531,ACN0049,2026-09-07,-17417.49,QAR,Withdrawal,Mobile
TN00575,ACN0296,2026-09-07,7382.27,SAR,Deposit,Mobile
TN00588,ACN0403,2026-09-07,16758.58,USD,Deposit,Online
TN00597,ACN0560,2026-09-07,15326.75,LBP,Deposit,Mobile
TN00621,ACN0573,2026-09-07,-20043.87,USD,Payment,ATM
TN00642,ACN0366,2026-09-07,-21471.83,USD,Payment,Online
TN00660,ACN0455,2026-09-07,-11008.93,SAR,Withdrawal,Mobile
TN00664,ACN0040,2026-09-07,12677.85,USD,Deposit,Branch
TN00705,ACN0335,2026-09-07,8396.72,USD,Deposit,Mobile
TN00791,ACN0182,2026-09-07,-6498.67,QAR,Payment,Mobile
TN00800,ACN0479,2026-09-07,-18806.09,LBP,Withdrawal,Mobile
TN00826,ACN0528,2026-09-07,18196.17,LBP,Transfer,Mobile
TN00874,ACN0303,2026-09-07,8279.92,USD,Transfer,Mobile
TN00917,ACN0307,2026-09-07,14054.67,USD,Transfer,Mobile
TN00982,ACN0600,2026-09-07,-3813.12,SAR,Payment,Mobile
TN01026,ACN0137,2026-09-07,-5395.8,USD,Payment,Mobile
TN01081,ACN0396,2026-09-07,15408.91,USD,Deposit,ATM
TN01103,ACN0117,2026-09-07,3683.22,USD,Transfer,Branch
TN01137,ACN0413,2026-09-07,-22479.26,USD,Withdrawal,Mobile
TN01161,ACN0477,2026-09-07,24824.63,LBP,Transfer,Mobile
TN01206,ACN0141,2026-09-07,-8979.54,USD,Withdrawal,Mobile
TN01227,ACN0519,2026-09-07,-12561.77,USD,Withdrawal,Mobile
TN01232,ACN0598,2026-09-07,5733.74,USD,Transfer,Online
TN01278,ACN0594,2026-09-07,-21242.75,USD,Payment,Branch
TN01285,ACN0577,2026-09-07,17445.57,QAR,Deposit,Branch
TN01309,ACN0146,2026-09-07,5692.25,USD,Deposit,ATM
TN01316,ACN0460,2026-09-07,-19966.81,LBP,Withdrawal,ATM
TN01355,ACN0259,2026-09-07,-20316.72,SAR,Withdrawal,ATM
TN01365,ACN0561,2026-09-07,24919.82,SAR,Deposit,Branch
TN01419,ACN0388,2026-09-07,17014.26,LBP,Transfer,Online
TN01448,ACN0136,2026-09-07,1550.65,USD,Deposit,Branch
TN01500,ACN0105,2026-09-07,17788.41,USD,Deposit,Mobile
TN01527,ACN0128,2026-09-07,16682.3,USD,Deposit,Branch
TN01555,ACN0075,2026-09-07,-8048.39,USD,Payment,Branch
TN01556,ACN0535,2026-09-07,14569.91,LBP,Deposit,Mobile
TN01565,ACN0112,2026-09-07,-23180.63,LBP,Withdrawal,Mobile
TN01567,ACN0526,2026-09-07,-7957.54,USD,Payment,Mobile
TN01568,ACN0354,2026-09-07,-4775.87,SAR,Withdrawal,ATM
TN01572,ACN0548,2026-09-07,3561.5,QAR,Deposit,Mobile
TN01576,ACN0504,2026-09-07,17175.75,USD,Transfer,ATM
TN01584,ACN0016,2026-09-07,13486.08,LBP,Transfer,Mobile
TN01623,ACN0090,2026-09-07,8859.41,LBP,Deposit,Mobile
TN01663,ACN0340,2026-09-07,22528.79,QAR,Deposit,Online
TN01695,ACN0062,2026-09-07,15493.23,USD,Deposit,Online
TN01712,ACN0545,2026-09-07,-16915.63,LBP,Payment,ATM
TN01744,ACN0434,2026-09-07,12627.07,SAR,Transfer,ATM
TN01841,ACN0231,2026-09-07,-59.61,LBP,Payment,Branch
TN01853,ACN0523,2026-09-07,-23934.28,USD,Withdrawal,ATM
TN01862,ACN0351,2026-09-07,-23766.97,USD,Withdrawal,Mobile
TN01871,ACN0584,2026-09-07,1115.38,QAR,Deposit,Mobile
TN01891,ACN0103,2026-09-07,-24919.6,LBP,Payment,Online
TN01901,ACN0454,2026-09-07,21116.23,USD,Transfer,Branch
TN01927,ACN0192,2026-09-07,11559.35,USD,Deposit,Mobile
TN01998,ACN0132,2026-09-07,4673.99,USD,Deposit,Online
TN00018,ACN0153,2026-09-08,4594.87,USD,Deposit,Mobile
TN00019,ACN0447,2026-09-08,22381.48,SAR,Deposit,Online
TN00033,ACN0099,2026-09-08,12826.08,SAR,Transfer,ATM
TN00104,ACN0464,2026-09-08,-19538.11,USD,Payment,Mobile
TN00131,ACN0137,2026-09-08,71.15,USD,Transfer,Mobile
TN00132,ACN0424,2026-09-08,17418.32,USD,Transfer,Mobile
TN00137,ACN0311,2026-09-08,5544.27,USD,Transfer,Branch
TN00149,ACN0343,2026-09-08,6193.9,USD,Transfer,ATM
TN00194,ACN0234,2026-09-08,18733.44,LBP,Deposit,Mobile
TN00219,ACN0140,2026-09-08,-18721.93,USD,Withdrawal,Branch
TN00220,ACN0249,2026-09-08,10954.34,SAR,Transfer,Mobile
TN00255,ACN0493,2026-09-08,3433.68,USD,Deposit,Online
TN00285,ACN0439,2026-09-08,-23538.11,USD,Payment,Online
TN00312,ACN0173,2026-09-08,-2419.27,LBP,Payment,Branch
TN00318,ACN0097,2026-09-08,4543.79,USD,Transfer,Mobile
TN00365,ACN0033,2026-09-08,4990.82,USD,Deposit,Online
TN00372,ACN0254,2026-09-08,10740.39,USD,Transfer,Mobile
TN00454,ACN0077,2026-09-08,-14181.18,USD,Payment,Branch
TN00525,ACN0328,2026-09-08,1260.5,USD,Deposit,Online
TN00564,ACN0360,2026-09-08,-6448.34,LBP,Payment,Mobile
TN00573,ACN0356,2026-09-08,24237.36,USD,Deposit,Branch
TN00620,ACN0195,2026-09-08,14267.84,USD,Transfer,ATM
TN00697,ACN0292,2026-09-08,7210.32,USD,Deposit,Online
TN00753,ACN0139,2026-09-08,17882.73,QAR,Deposit,Branch
TN00801,ACN0590,2026-09-08,18279.25,USD,Transfer,ATM
TN00809,ACN0569,2026-09-08,9368.96,LBP,Transfer,Branch
TN00831,ACN0097,2026-09-08,3633.22,USD,Deposit,ATM
TN00902,ACN0514,2026-09-08,-19165.18,SAR,Withdrawal,Online
TN01002,ACN0357,2026-09-08,4318.01,SAR,Transfer,ATM
TN01004,ACN0093,2026-09-08,7836.85,USD,Transfer,Mobile
TN01045,ACN0375,2026-09-08,24010.47,USD,Deposit,ATM
TN01046,ACN0367,2026-09-08,24558.99,USD,Deposit,Online
TN01050,ACN0446,2026-09-08,-12271.82,QAR,Withdrawal,Mobile
TN01113,ACN0020,2026-09-08,-5007.07,USD,Withdrawal,Branch
TN01134,ACN0327,2026-09-08,-18559.97,SAR,Withdrawal,ATM
TN01149,ACN0321,2026-09-08,22547.96,USD,Transfer,Mobile
TN01155,ACN0147,2026-09-08,-19448.43,USD,Withdrawal,Mobile
TN01167,ACN0058,2026-09-08,17847.33,USD,Transfer,Branch
TN01187,ACN0401,2026-09-08,4148.13,LBP,Transfer,Mobile
TN01220,ACN0043,2026-09-08,24425.8,QAR,Transfer,Branch
TN01230,ACN0159,2026-09-08,-1938.98,SAR,Payment,Branch
TN01235,ACN0378,2026-09-08,2676.08,QAR,Transfer,Mobile
TN01243,ACN0219,2026-09-08,11879.49,LBP,Deposit,Branch
TN01286,ACN0586,2026-09-08,-9536.65,USD,Withdrawal,ATM
TN01358,ACN0169,2026-09-08,-10406.71,USD,Payment,ATM
TN01372,ACN0314,2026-09-08,16589.59,SAR,Transfer,ATM
TN01387,ACN0218,2026-09-08,15534.46,USD,Deposit,Mobile
TN01397,ACN0077,2026-09-08,-9107.36,USD,Payment,ATM
TN01405,ACN0005,2026-09-08,11934.89,USD,Deposit,ATM
TN01432,ACN0568,2026-09-08,-8545.58,USD,Withdrawal,Branch
TN01468,ACN0600,2026-09-08,17205.15,USD,Deposit,Branch
TN01560,ACN0569,2026-09-08,18651.66,LBP,Transfer,Mobile
TN01599,ACN0133,2026-09-08,-14428.57,USD,Withdrawal,Branch
TN01647,ACN0182,2026-09-08,22498.29,QAR,Transfer,ATM
TN01677,ACN0482,2026-09-08,17175.6,USD,Deposit,Branch
TN01694,ACN0433,2026-09-08,15363.99,QAR,Deposit,Mobile
TN01756,ACN0447,2026-09-08,6478.12,USD,Deposit,Online
TN01783,ACN0319,2026-09-08,-21632.16,USD,Withdrawal,ATM
TN01794,ACN0529,2026-09-08,-12040.38,USD,Payment,Branch
TN01826,ACN0116,2026-09-08,-16495.08,LBP,Payment,Online
TN01939,ACN0527,2026-09-08,18065.11,LBP,Deposit,Branch
TN01997,ACN0047,2026-09-08,23020.96,LBP,Deposit,Branch
TN00128,ACN0287,2026-09-09,-5287.04,USD,Payment,ATM
TN00161,ACN0352,2026-09-09,24257.37,USD,Deposit,Mobile
TN00251,ACN0387,2026-09-09,11045.57,USD,Deposit,ATM
TN00307,ACN0357,2026-09-09,9788.76,SAR,Transfer,ATM
TN00327,ACN0144,2026-09-09,17383.64,SAR,Transfer,Online
TN00433,ACN0187,2026-09-09,-3520.01,LBP,Withdrawal,ATM
TN00565,ACN0362,2026-09-09,-8356.8,USD,Withdrawal,Online
TN00591,ACN0063,2026-09-09,14623.74,SAR,Deposit,Branch
TN00604,ACN0163,2026-09-09,-21398.87,USD,Withdrawal,Online
TN00622,ACN0073,2026-09-09,3197.27,LBP,Transfer,Branch
TN00625,ACN0077,2026-09-09,-6050.13,USD,Withdrawal,Mobile
TN00643,ACN0565,2026-09-09,16348.02,USD,Deposit,ATM
TN00676,ACN0053,2026-09-09,16486.76,USD,Transfer,ATM
TN00679,ACN0420,2026-09-09,-8812.58,SAR,Withdrawal,Mobile
TN00710,ACN0204,2026-09-09,2236.02,USD,Transfer,Mobile
TN00728,ACN0021,2026-09-09,13173.35,SAR,Transfer,Mobile
TN00731,ACN0277,2026-09-09,-1931.65,QAR,Payment,Mobile
TN00736,ACN0495,2026-09-09,17577.93,USD,Deposit,Branch
TN00741,ACN0145,2026-09-09,-20955.0,QAR,Withdrawal,Mobile
TN00745,ACN0242,2026-09-09,-17727.53,QAR,Withdrawal,Mobile
TN00784,ACN0046,2026-09-09,4983.11,QAR,Deposit,Mobile
TN00792,ACN0593,2026-09-09,-19313.82,USD,Withdrawal,Mobile
TN00796,ACN0479,2026-09-09,23049.55,LBP,Deposit,Branch
TN00803,ACN0240,2026-09-09,22523.62,QAR,Transfer,Mobile
TN00804,ACN0592,2026-09-09,-733.31,USD,Withdrawal,ATM
TN00898,ACN0255,2026-09-09,-16952.51,SAR,Withdrawal,ATM
TN00899,ACN0187,2026-09-09,-7993.8,LBP,Withdrawal,Branch
TN00983,ACN0012,2026-09-09,13025.09,QAR,Transfer,ATM
TN01088,ACN0334,2026-09-09,3345.2,USD,Transfer,ATM
TN01214,ACN0193,2026-09-09,22331.72,USD,Transfer,Mobile
TN01245,ACN0149,2026-09-09,-1718.49,USD,Payment,Branch
TN01281,ACN0537,2026-09-09,-537.48,LBP,Withdrawal,Mobile
TN01333,ACN0157,2026-09-09,-17440.6,LBP,Payment,Mobile
TN01392,ACN0088,2026-09-09,2417.51,USD,Deposit,Branch
TN01427,ACN0394,2026-09-09,23713.91,LBP,Deposit,Branch
TN01431,ACN0543,2026-09-09,-15695.43,USD,Payment,ATM
TN01484,ACN0486,2026-09-09,-23273.88,USD,Withdrawal,Mobile
TN01488,ACN0134,2026-09-09,-18136.21,LBP,Withdrawal,Branch
TN01511,ACN0553,2026-09-09,5799.11,LBP,Deposit,Mobile
TN01521,ACN0349,2026-09-09,-20438.59,LBP,Withdrawal,ATM
TN01554,ACN0027,2026-09-09,1674.24,SAR,Deposit,Branch
TN01585,ACN0415,2026-09-09,18317.59,LBP,Transfer,Online
TN01604,ACN0384,2026-09-09,4580.25,LBP,Deposit,Mobile
TN01637,ACN0103,2026-09-09,7123.39,LBP,Deposit,ATM
TN01646,ACN0546,2026-09-09,11802.09,LBP,Deposit,Mobile
TN01649,ACN0034,2026-09-09,-15472.92,USD,Withdrawal,Online
TN01722,ACN0177,2026-09-09,15271.75,SAR,Deposit,Mobile
TN01739,ACN0239,2026-09-09,11020.03,LBP,Transfer,Online
TN01818,ACN0127,2026-09-09,11423.2,USD,Deposit,ATM
TN01842,ACN0276,2026-09-09,11746.46,LBP,Transfer,ATM
TN01857,ACN0145,2026-09-09,11948.65,QAR,Transfer,ATM
TN01884,ACN0258,2026-09-09,-23275.1,USD,Payment,ATM
TN00054,ACN0508,2026-09-10,14904.07,USD,Transfer,Branch
TN00086,ACN0164,2026-09-10,22260.18,SAR,Deposit,ATM
TN00107,ACN0397,2026-09-10,9897.02,QAR,Deposit,Mobile
TN00109,ACN0317,2026-09-10,3112.06,USD,Transfer,Online
TN00114,ACN0264,2026-09-10,24495.06,LBP,Deposit,Branch
TN00139,ACN0285,2026-09-10,12360.4,LBP,Transfer,Mobile
TN00162,ACN0059,2026-09-10,20483.21,USD,Deposit,ATM
TN00171,ACN0269,2026-09-10,8508.64,LBP,Transfer,Branch
TN00203,ACN0312,2026-09-10,2625.74,USD,Deposit,Mobile
TN00424,ACN0252,2026-09-10,-13742.49,USD,Withdrawal,Mobile
TN00488,ACN0431,2026-09-10,19426.47,LBP,Deposit,Branch
TN00522,ACN0582,2026-09-10,22470.62,SAR,Transfer,Mobile
TN00530,ACN0325,2026-09-10,10020.6,USD,Transfer,Mobile
TN00574,ACN0154,2026-09-10,-7258.75,USD,Withdrawal,ATM
TN00634,ACN0389,2026-09-10,18453.33,USD,Transfer,ATM
TN00657,ACN0281,2026-09-10,6263.32,USD,Deposit,Mobile
TN00687,ACN0433,2026-09-10,-10069.89,QAR,Withdrawal,ATM
TN00732,ACN0426,2026-09-10,18571.45,USD,Deposit,Branch
TN00744,ACN0215,2026-09-10,19871.5,USD,Transfer,Online
TN00770,ACN0355,2026-09-10,5360.22,USD,Transfer,Online
TN00824,ACN0115,2026-09-10,24518.75,USD,Transfer,Online
TN00846,ACN0586,2026-09-10,-15791.97,USD,Payment,Branch
TN00933,ACN0212,2026-09-10,-2540.39,USD,Withdrawal,Mobile
TN01001,ACN0165,2026-09-10,19274.81,USD,Deposit,Mobile
TN01021,ACN0357,2026-09-10,16131.25,SAR,Transfer,ATM
TN01023,ACN0067,2026-09-10,-4300.1,SAR,Payment,Mobile
TN01036,ACN0264,2026-09-10,15161.86,SAR,Deposit,Branch
TN01054,ACN0311,2026-09-10,-8807.1,QAR,Withdrawal,Mobile
TN01092,ACN0423,2026-09-10,5445.11,LBP,Deposit,Mobile
TN01156,ACN0336,2026-09-10,-15523.9,SAR,Withdrawal,Online
TN01157,ACN0497,2026-09-10,-15127.18,LBP,Payment,Mobile
TN01221,ACN0485,2026-09-10,-9606.21,LBP,Payment,ATM
TN01302,ACN0502,2026-09-10,9887.52,LBP,Transfer,Online
TN01393,ACN0140,2026-09-10,-13848.55,USD,Withdrawal,ATM
TN01401,ACN0051,2026-09-10,21039.85,USD,Deposit,Online
TN01406,ACN0110,2026-09-10,14779.53,USD,Deposit,ATM
TN01430,ACN0251,2026-09-10,16717.8,LBP,Transfer,Mobile
TN01445,ACN0358,2026-09-10,-18838.12,USD,Payment,Branch
TN01465,ACN0453,2026-09-10,18028.58,SAR,Deposit,Mobile
TN01482,ACN0259,2026-09-10,3124.13,SAR,Transfer,Mobile
TN01524,ACN0042,2026-09-10,7614.07,QAR,Deposit,Mobile
TN01538,ACN0057,2026-09-10,-17497.95,LBP,Withdrawal,ATM
TN01544,ACN0580,2026-09-10,8546.67,USD,Transfer,Mobile
TN01579,ACN0024,2026-09-10,-17576.43,USD,Withdrawal,ATM
TN01624,ACN0125,2026-09-10,13102.55,LBP,Transfer,Mobile
TN01656,ACN0600,2026-09-10,7593.9,USD,Deposit,ATM
TN01713,ACN0260,2026-09-10,-5129.96,LBP,Withdrawal,Online
TN01733,ACN0098,2026-09-10,22550.37,USD,Transfer,Mobile
TN01781,ACN0281,2026-09-10,18519.19,USD,Transfer,ATM
TN01823,ACN0092,2026-09-10,-24662.66,USD,Payment,ATM
TN01843,ACN0576,2026-09-10,10758.81,SAR,Transfer,Mobile
TN01845,ACN0471,2026-09-10,13208.3,LBP,Transfer,Mobile
TN01851,ACN0390,2026-09-10,24444.89,SAR,Deposit,Mobile
TN01866,ACN0430,2026-09-10,23541.11,USD,Deposit,Mobile
TN00040,ACN0423,2026-09-11,16528.16,LBP,Deposit,ATM
TN00052,ACN0461,2026-09-11,5049.43,USD,Transfer,ATM
TN00059,ACN0353,2026-09-11,-12700.75,USD,Withdrawal,ATM
TN00108,ACN0091,2026-09-11,-17686.07,SAR,Payment,Mobile
TN00151,ACN0450,2026-09-11,15641.21,USD,Transfer,Online
TN00199,ACN0551,2026-09-11,14682.14,LBP,Deposit,Online
TN00200,ACN0158,2026-09-11,-24856.55,USD,Payment,Mobile
TN00202,ACN0396,2026-09-11,2733.79,USD,Deposit,Mobile
TN00296,ACN0090,2026-09-11,8519.14,LBP,Deposit,Mobile
TN00321,ACN0543,2026-09-11,-12982.15,USD,Withdrawal,Mobile
TN00339,ACN0502,2026-09-11,8735.53,LBP,Deposit,Mobile
TN00356,ACN0272,2026-09-11,18455.88,USD,Deposit,Online
TN00410,ACN0088,2026-09-11,12021.03,USD,Deposit,Mobile
TN00448,ACN0515,2026-09-11,3771.66,USD,Transfer,Mobile
TN00468,ACN0482,2026-09-11,5352.48,QAR,Deposit,Branch
TN00487,ACN0558,2026-09-11,11113.7,SAR,Deposit,Mobile
TN00590,ACN0342,2026-09-11,20552.06,SAR,Transfer,ATM
TN00609,ACN0332,2026-09-11,14526.5,USD,Transfer,ATM
TN00615,ACN0461,2026-09-11,-24721.99,USD,Withdrawal,Branch
TN00617,ACN0542,2026-09-11,4823.55,USD,Transfer,ATM
TN00655,ACN0548,2026-09-11,-14323.61,QAR,Withdrawal,ATM
TN00674,ACN0080,2026-09-11,-24808.14,USD,Payment,Mobile
TN00680,ACN0236,2026-09-11,-10482.88,LBP,Withdrawal,Online
TN00688,ACN0345,2026-09-11,-22460.88,USD,Payment,Branch
TN00722,ACN0047,2026-09-11,-10257.09,LBP,Withdrawal,Mobile
TN00760,ACN0578,2026-09-11,19926.17,LBP,Deposit,ATM
TN00781,ACN0325,2026-09-11,-4246.95,USD,Payment,ATM
TN00797,ACN0144,2026-09-11,-8088.31,SAR,Withdrawal,Mobile
TN00859,ACN0024,2026-09-11,-6263.52,USD,Withdrawal,Mobile
TN00876,ACN0299,2026-09-11,-17901.6,USD,Withdrawal,Mobile
TN00914,ACN0499,2026-09-11,24673.49,SAR,Deposit,Branch
TN00932,ACN0364,2026-09-11,-17878.31,USD,Payment,Mobile
TN00939,ACN0096,2026-09-11,-12677.45,USD,Payment,Branch
TN00963,ACN0244,2026-09-11,8076.86,USD,Deposit,Online
TN00964,ACN0193,2026-09-11,20428.4,USD,Transfer,Online
TN00972,ACN0363,2026-09-11,-19502.84,USD,Withdrawal,Mobile
TN00991,ACN0498,2026-09-11,12384.5,USD,Deposit,ATM
TN00997,ACN0443,2026-09-11,660.5,USD,Transfer,Mobile
TN01094,ACN0177,2026-09-11,18654.37,USD,Deposit,Mobile
TN01151,ACN0587,2026-09-11,-5738.59,LBP,Payment,Mobile
TN01197,ACN0477,2026-09-11,-24323.22,LBP,Withdrawal,Mobile
TN01210,ACN0514,2026-09-11,-12998.83,LBP,Withdrawal,Mobile
TN01228,ACN0549,2026-09-11,1236.9,QAR,Transfer,Branch
TN01267,ACN0507,2026-09-11,-24771.53,USD,Withdrawal,Mobile
TN01293,ACN0238,2026-09-11,-15531.2,LBP,Payment,Mobile
TN01363,ACN0544,2026-09-11,-13227.8,USD,Withdrawal,Mobile
TN01367,ACN0586,2026-09-11,7893.19,USD,Deposit,ATM
TN01368,ACN0040,2026-09-11,16717.44,USD,Transfer,ATM
TN01390,ACN0043,2026-09-11,4718.25,QAR,Deposit,Online
TN01402,ACN0082,2026-09-11,13732.43,USD,Transfer,Mobile
TN01407,ACN0343,2026-09-11,16219.17,USD,Deposit,Branch
TN01434,ACN0412,2026-09-11,24017.14,LBP,Transfer,Branch
TN01440,ACN0419,2026-09-11,7024.66,USD,Deposit,Online
TN01458,ACN0549,2026-09-11,-2293.8,LBP,Withdrawal,Online
TN01528,ACN0049,2026-09-11,-24829.9,QAR,Withdrawal,Mobile
TN01535,ACN0022,2026-09-11,22185.71,USD,Transfer,Online
TN01561,ACN0394,2026-09-11,-24549.92,LBP,Payment,Mobile
TN01569,ACN0051,2026-09-11,4233.97,USD,Transfer,Branch
TN01578,ACN0327,2026-09-11,-8475.01,SAR,Withdrawal,Online
TN01586,ACN0075,2026-09-11,-3485.83,USD,Payment,Mobile
TN01654,ACN0187,2026-09-11,14424.67,LBP,Deposit,ATM
TN01668,ACN0477,2026-09-11,-12657.77,LBP,Withdrawal,Mobile
TN01673,ACN0167,2026-09-11,-21802.73,USD,Payment,Online
TN01724,ACN0230,2026-09-11,4982.62,USD,Transfer,Branch
TN01728,ACN0528,2026-09-11,14886.13,LBP,Transfer,Branch
TN01758,ACN0076,2026-09-11,20745.81,SAR,Deposit,Online
TN01819,ACN0552,2026-09-11,20101.55,USD,Transfer,Online
TN01821,ACN0314,2026-09-11,-7876.26,SAR,Payment,Mobile
TN01825,ACN0461,2026-09-11,5901.94,USD,Deposit,Branch
TN01847,ACN0075,2026-09-11,-9287.47,USD,Withdrawal,ATM
TN01850,ACN0466,2026-09-11,15783.87,USD,Transfer,Online
TN01883,ACN0040,2026-09-11,11206.16,USD,Transfer,Online
TN01923,ACN0468,2026-09-11,-21913.9,USD,Withdrawal,Online
TN01975,ACN0370,2026-09-11,-10925.92,USD,Payment,Online
TN01978,ACN0023,2026-09-11,-22708.3,LBP,Withdrawal,Mobile
TN01982,ACN0140,2026-09-11,19427.45,USD,Deposit,ATM
TN00026,ACN0492,2026-09-12,-23880.93,USD,Withdrawal,ATM
TN00029,ACN0057,2026-09-12,13687.96,LBP,Transfer,ATM
TN00044,ACN0192,2026-09-12,1973.95,USD,Deposit,Mobile
TN00046,ACN0415,2026-09-12,-24145.78,LBP,Payment,ATM
TN00055,ACN0410,2026-09-12,-14784.16,USD,Withdrawal,Online
TN00069,ACN0114,2026-09-12,-19545.68,QAR,Payment,Online
TN00130,ACN0330,2026-09-12,-11505.79,USD,Withdrawal,Online
TN00134,ACN0362,2026-09-12,-9421.88,USD,Payment,Branch
TN00154,ACN0302,2026-09-12,10054.04,LBP,Transfer,ATM
TN00164,ACN0488,2026-09-12,24548.44,LBP,Transfer,Online
TN00174,ACN0176,2026-09-12,-24428.0,LBP,Payment,Online
TN00253,ACN0086,2026-09-12,23039.88,USD,Transfer,Mobile
TN00350,ACN0546,2026-09-12,10148.68,LBP,Transfer,Mobile
TN00381,ACN0371,2026-09-12,14731.0,USD,Transfer,Mobile
TN00423,ACN0435,2026-09-12,-24321.76,USD,Withdrawal,ATM
TN00435,ACN0160,2026-09-12,16068.51,USD,Deposit,Mobile
TN00443,ACN0167,2026-09-12,-1651.67,SAR,Withdrawal,Branch
TN00479,ACN0431,2026-09-12,19364.12,LBP,Transfer,ATM
TN00516,ACN0279,2026-09-12,15580.32,LBP,Transfer,Branch
TN00518,ACN0524,2026-09-12,10257.01,USD,Deposit,Mobile
TN00526,ACN0432,2026-09-12,11330.57,SAR,Deposit,ATM
TN00554,ACN0545,2026-09-12,5677.1,LBP,Deposit,ATM
TN00594,ACN0206,2026-09-12,20.89,LBP,Deposit,Mobile
TN00663,ACN0233,2026-09-12,3689.61,LBP,Transfer,ATM
TN00698,ACN0296,2026-09-12,-6500.54,LBP,Payment,Online
TN00711,ACN0004,2026-09-12,-12277.46,USD,Withdrawal,Branch
TN00718,ACN0496,2026-09-12,21602.95,USD,Transfer,ATM
TN00743,ACN0155,2026-09-12,17231.16,QAR,Deposit,Branch
TN00751,ACN0298,2026-09-12,-5127.46,SAR,Withdrawal,ATM
TN00822,ACN0436,2026-09-12,15860.25,USD,Deposit,Online
TN00839,ACN0191,2026-09-12,16792.56,LBP,Deposit,Branch
TN00842,ACN0019,2026-09-12,5542.02,USD,Transfer,Mobile
TN00883,ACN0317,2026-09-12,3769.21,LBP,Deposit,Mobile
TN00940,ACN0215,2026-09-12,12237.93,USD,Deposit,Online
TN00952,ACN0418,2026-09-12,9438.38,USD,Deposit,Branch
TN00978,ACN0320,2026-09-12,18341.84,LBP,Deposit,Branch
TN01008,ACN0078,2026-09-12,2281.74,USD,Deposit,Mobile
TN01014,ACN0304,2026-09-12,538.93,LBP,Deposit,ATM
TN01022,ACN0276,2026-09-12,1348.97,LBP,Transfer,Mobile
TN01030,ACN0166,2026-09-12,6235.01,USD,Transfer,Online
TN01041,ACN0153,2026-09-12,11138.76,USD,Transfer,Mobile
TN01043,ACN0103,2026-09-12,-15095.51,LBP,Withdrawal,Online
TN01057,ACN0209,2026-09-12,-14287.21,QAR,Withdrawal,ATM
TN01063,ACN0195,2026-09-12,12215.65,QAR,Transfer,Branch
TN01096,ACN0134,2026-09-12,12177.39,LBP,Transfer,Mobile
TN01142,ACN0563,2026-09-12,4764.85,LBP,Deposit,ATM
TN01219,ACN0398,2026-09-12,-7608.59,SAR,Withdrawal,Mobile
TN01249,ACN0231,2026-09-12,3200.61,LBP,Transfer,Mobile
TN01260,ACN0435,2026-09-12,4725.05,USD,Transfer,Branch
TN01282,ACN0211,2026-09-12,-17592.34,USD,Withdrawal,Mobile
TN01290,ACN0093,2026-09-12,3985.67,USD,Transfer,Branch
TN01305,ACN0130,2026-09-12,5188.19,USD,Transfer,Mobile
TN01359,ACN0044,2026-09-12,-6015.78,USD,Payment,ATM
TN01383,ACN0257,2026-09-12,22774.78,USD,Transfer,Mobile
TN01455,ACN0338,2026-09-12,-3951.78,SAR,Payment,Mobile
TN01479,ACN0213,2026-09-12,15060.52,LBP,Deposit,Mobile
TN01508,ACN0510,2026-09-12,7105.56,QAR,Deposit,Online
TN01530,ACN0597,2026-09-12,10083.32,USD,Transfer,Mobile
TN01553,ACN0077,2026-09-12,4849.46,USD,Deposit,Online
TN01591,ACN0299,2026-09-12,7467.47,USD,Transfer,Mobile
TN01605,ACN0201,2026-09-12,20665.18,LBP,Deposit,Mobile
TN01667,ACN0046,2026-09-12,13864.17,QAR,Deposit,Mobile
TN01723,ACN0509,2026-09-12,-9887.11,LBP,Payment,Mobile
TN01734,ACN0241,2026-09-12,-17551.39,SAR,Withdrawal,Mobile
TN01759,ACN0255,2026-09-12,-18892.17,SAR,Withdrawal,Branch
TN01811,ACN0559,2026-09-12,-3637.76,LBP,Withdrawal,ATM
TN01844,ACN0387,2026-09-12,-14195.35,USD,Withdrawal,ATM
TN01879,ACN0158,2026-09-12,-14045.78,USD,Withdrawal,Mobile
TN01907,ACN0227,2026-09-12,-8433.53,USD,Payment,Branch
TN00017,ACN0155,2026-09-13,23072.86,QAR,Transfer,Branch
TN00031,ACN0413,2026-09-13,18818.91,USD,Deposit,ATM
TN00070,ACN0576,2026-09-13,2653.17,LBP,Deposit,Online
TN00079,ACN0155,2026-09-13,-1464.09,QAR,Payment,Mobile
TN00090,ACN0596,2026-09-13,22360.59,USD,Transfer,Mobile
TN00124,ACN0476,2026-09-13,-15525.83,LBP,Payment,Branch
TN00166,ACN0044,2026-09-13,-23000.44,USD,Withdrawal,ATM
TN00182,ACN0507,2026-09-13,-14538.04,USD,Withdrawal,Mobile
TN00224,ACN0049,2026-09-13,20291.57,QAR,Transfer,Mobile
TN00292,ACN0127,2026-09-13,23069.95,USD,Transfer,Branch
TN00404,ACN0584,2026-09-13,-18242.41,USD,Withdrawal,ATM
TN00434,ACN0422,2026-09-13,11110.46,LBP,Transfer,ATM
TN00441,ACN0390,2026-09-13,20087.41,SAR,Deposit,ATM
TN00450,ACN0238,2026-09-13,-20190.75,LBP,Payment,Online
TN00451,ACN0514,2026-09-13,-18223.44,QAR,Withdrawal,Mobile
TN00497,ACN0591,2026-09-13,21078.91,LBP,Transfer,Mobile
TN00602,ACN0399,2026-09-13,7582.98,USD,Deposit,Mobile
TN00605,ACN0538,2026-09-13,-1587.89,USD,Withdrawal,Mobile
TN00647,ACN0037,2026-09-13,-17464.58,USD,Payment,Online
TN00669,ACN0369,2026-09-13,-10215.28,LBP,Withdrawal,Online
TN00692,ACN0008,2026-09-13,9259.45,USD,Transfer,ATM
TN00712,ACN0429,2026-09-13,15342.19,QAR,Transfer,Mobile
TN00714,ACN0300,2026-09-13,12265.74,USD,Transfer,ATM
TN00729,ACN0161,2026-09-13,625.62,SAR,Deposit,ATM
TN00748,ACN0040,2026-09-13,-12389.71,USD,Payment,Mobile
TN00841,ACN0282,2026-09-13,14985.0,LBP,Deposit,ATM
TN00897,ACN0520,2026-09-13,-7108.22,USD,Withdrawal,Online
TN00924,ACN0552,2026-09-13,-14378.89,USD,Withdrawal,Mobile
TN00974,ACN0163,2026-09-13,4157.58,USD,Deposit,ATM
TN01013,ACN0225,2026-09-13,5661.3,SAR,Deposit,Branch
TN01047,ACN0102,2026-09-13,2292.02,SAR,Transfer,Mobile
TN01082,ACN0503,2026-09-13,8641.75,USD,Transfer,Online
TN01091,ACN0403,2026-09-13,2734.08,USD,Deposit,Online
TN01129,ACN0354,2026-09-13,13273.16,USD,Transfer,Mobile
TN01181,ACN0463,2026-09-13,15092.13,USD,Deposit,Mobile
TN01184,ACN0311,2026-09-13,-1378.1,USD,Withdrawal,Online
TN01190,ACN0164,2026-09-13,9213.88,SAR,Deposit,ATM
TN01203,ACN0565,2026-09-13,-8031.37,USD,Withdrawal,Branch
TN01346,ACN0474,2026-09-13,6514.36,SAR,Transfer,Mobile
TN01469,ACN0552,2026-09-13,1450.04,USD,Transfer,Mobile
TN01502,ACN0203,2026-09-13,-3384.98,LBP,Withdrawal,ATM
TN01510,ACN0073,2026-09-13,21773.62,LBP,Transfer,ATM
TN01633,ACN0044,2026-09-13,7684.89,USD,Deposit,Mobile
TN01634,ACN0238,2026-09-13,5925.8,LBP,Deposit,Online
TN01636,ACN0493,2026-09-13,5118.2,USD,Deposit,Mobile
TN01685,ACN0024,2026-09-13,17082.38,USD,Transfer,Online
TN01698,ACN0163,2026-09-13,17117.53,SAR,Transfer,Branch
TN01732,ACN0163,2026-09-13,16488.41,USD,Transfer,Mobile
TN01747,ACN0438,2026-09-13,22491.68,USD,Deposit,Mobile
TN01906,ACN0292,2026-09-13,13578.17,USD,Deposit,Branch
TN01991,ACN0511,2026-09-13,12440.56,USD,Deposit,Online
TN00005,ACN0221,2026-09-14,-7088.52,USD,Payment,Branch
TN00024,ACN0337,2026-09-14,17039.18,SAR,Deposit,Mobile
TN00047,ACN0370,2026-09-14,24079.28,USD,Transfer,ATM
TN00064,ACN0019,2026-09-14,-6534.98,USD,Withdrawal,Mobile
TN00125,ACN0494,2026-09-14,6287.21,USD,Deposit,ATM
TN00198,ACN0364,2026-09-14,-10490.3,USD,Withdrawal,Mobile
TN00232,ACN0399,2026-09-14,5518.0,USD,Deposit,Mobile
TN00315,ACN0385,2026-09-14,24779.28,USD,Transfer,Mobile
TN00322,ACN0128,2026-09-14,5202.44,USD,Transfer,Branch
TN00328,ACN0552,2026-09-14,-17204.5,USD,Withdrawal,ATM
TN00342,ACN0010,2026-09-14,17836.3,QAR,Transfer,Mobile
TN00380,ACN0373,2026-09-14,-2805.98,LBP,Withdrawal,ATM
TN00520,ACN0191,2026-09-14,-1834.56,LBP,Withdrawal,Branch
TN00524,ACN0077,2026-09-14,16163.83,USD,Transfer,ATM
TN00541,ACN0362,2026-09-14,21824.35,USD,Transfer,Online
TN00600,ACN0103,2026-09-14,-12334.24,LBP,Payment,ATM
TN00658,ACN0040,2026-09-14,9055.14,USD,Transfer,Mobile
TN00681,ACN0551,2026-09-14,22733.46,LBP,Deposit,Branch
TN00707,ACN0534,2026-09-14,-21038.95,LBP,Withdrawal,Mobile
TN00845,ACN0511,2026-09-14,17449.18,USD,Deposit,ATM
TN00853,ACN0328,2026-09-14,15764.29,USD,Transfer,Online
TN00863,ACN0212,2026-09-14,11490.64,USD,Transfer,Online
TN01042,ACN0320,2026-09-14,-2712.22,LBP,Payment,Mobile
TN01055,ACN0537,2026-09-14,12728.46,LBP,Transfer,Online
TN01175,ACN0523,2026-09-14,12315.84,USD,Transfer,ATM
TN01255,ACN0574,2026-09-14,-15138.02,LBP,Payment,Branch
TN01259,ACN0314,2026-09-14,8388.26,SAR,Deposit,ATM
TN01381,ACN0548,2026-09-14,-3070.0,QAR,Withdrawal,Mobile
TN01409,ACN0522,2026-09-14,10209.6,USD,Deposit,ATM
TN01446,ACN0100,2026-09-14,-14301.17,USD,Payment,Branch
TN01470,ACN0154,2026-09-14,-7834.84,SAR,Payment,Mobile
TN01477,ACN0524,2026-09-14,8054.58,SAR,Deposit,Mobile
TN01525,ACN0351,2026-09-14,11932.63,USD,Deposit,Mobile
TN01545,ACN0416,2026-09-14,8980.88,SAR,Transfer,Branch
TN01562,ACN0270,2026-09-14,23415.63,SAR,Deposit,Branch
TN01582,ACN0003,2026-09-14,-3607.86,USD,Withdrawal,Branch
TN01587,ACN0041,2026-09-14,13365.8,SAR,Transfer,ATM
TN01595,ACN0400,2026-09-14,-13490.97,QAR,Withdrawal,Online
TN01602,ACN0400,2026-09-14,-15496.09,QAR,Withdrawal,Branch
TN01611,ACN0228,2026-09-14,-15206.28,SAR,Withdrawal,ATM
TN01689,ACN0002,2026-09-14,5381.16,LBP,Transfer,ATM
TN01721,ACN0277,2026-09-14,7889.87,QAR,Transfer,Branch
TN01749,ACN0472,2026-09-14,21477.65,USD,Transfer,ATM
TN01774,ACN0128,2026-09-14,18065.09,USD,Transfer,Mobile
TN01790,ACN0439,2026-09-14,-11969.56,USD,Payment,ATM
TN01846,ACN0580,2026-09-14,13237.88,USD,Deposit,Mobile
TN01899,ACN0356,2026-09-14,-16373.82,USD,Payment,ATM
TN01951,ACN0092,2026-09-14,-22088.84,USD,Withdrawal,Branch
TN01963,ACN0151,2026-09-14,19650.04,SAR,Deposit,Online
TN01965,ACN0505,2026-09-14,-14861.08,LBP,Payment,Mobile
TN01971,ACN0081,2026-09-14,9158.79,LBP,Transfer,ATM
TN00008,ACN0408,2026-09-15,17839.13,USD,Transfer,Mobile
TN00053,ACN0342,2026-09-15,15767.64,SAR,Deposit,ATM
TN00060,ACN0480,2026-09-15,7348.98,LBP,Deposit,ATM
TN00067,ACN0571,2026-09-15,3796.44,SAR,Deposit,Mobile
TN00074,ACN0518,2026-09-15,6665.07,LBP,Deposit,ATM
TN00096,ACN0511,2026-09-15,24912.86,USD,Transfer,Mobile
TN00111,ACN0282,2026-09-15,6147.26,LBP,Transfer,Mobile
TN00129,ACN0351,2026-09-15,24491.42,USD,Transfer,ATM
TN00136,ACN0021,2026-09-15,17020.25,SAR,Transfer,Branch
TN00157,ACN0198,2026-09-15,326.97,LBP,Deposit,Online
TN00181,ACN0511,2026-09-15,-4491.38,USD,Withdrawal,Mobile
TN00235,ACN0098,2026-09-15,24535.77,USD,Transfer,Online
TN00302,ACN0036,2026-09-15,7736.11,QAR,Transfer,Mobile
TN00345,ACN0283,2026-09-15,-13024.45,LBP,Payment,Mobile
TN00437,ACN0265,2026-09-15,-12556.77,USD,Payment,Online
TN00496,ACN0530,2026-09-15,5789.62,LBP,Deposit,Mobile
TN00523,ACN0540,2026-09-15,14032.75,USD,Deposit,Online
TN00533,ACN0143,2026-09-15,8085.02,SAR,Deposit,ATM
TN00557,ACN0004,2026-09-15,12590.94,USD,Deposit,Mobile
TN00584,ACN0448,2026-09-15,13173.75,USD,Deposit,Online
TN00724,ACN0022,2026-09-15,2274.51,USD,Transfer,ATM
TN00726,ACN0161,2026-09-15,9900.25,SAR,Transfer,Mobile
TN00867,ACN0267,2026-09-15,-13442.79,LBP,Payment,Mobile
TN00888,ACN0251,2026-09-15,18491.11,LBP,Deposit,Online
TN00918,ACN0267,2026-09-15,20436.4,USD,Transfer,Online
TN00946,ACN0010,2026-09-15,3910.84,USD,Deposit,Branch
TN00956,ACN0553,2026-09-15,-15347.97,QAR,Withdrawal,Mobile
TN01000,ACN0457,2026-09-15,8126.32,USD,Transfer,ATM
TN01085,ACN0308,2026-09-15,11509.1,SAR,Deposit,Online
TN01170,ACN0538,2026-09-15,-19747.42,USD,Withdrawal,Mobile
TN01183,ACN0584,2026-09-15,7479.27,USD,Transfer,Online
TN01199,ACN0279,2026-09-15,-4717.98,LBP,Payment,Branch
TN01234,ACN0025,2026-09-15,-9179.56,SAR,Withdrawal,Mobile
TN01261,ACN0303,2026-09-15,17155.77,USD,Deposit,ATM
TN01264,ACN0509,2026-09-15,-9802.92,LBP,Withdrawal,Mobile
TN01300,ACN0252,2026-09-15,-17761.03,USD,Withdrawal,Mobile
TN01350,ACN0335,2026-09-15,11542.94,USD,Deposit,Branch
TN01352,ACN0341,2026-09-15,14490.17,USD,Transfer,ATM
TN01353,ACN0566,2026-09-15,7577.6,USD,Transfer,Mobile
TN01428,ACN0275,2026-09-15,13060.27,SAR,Transfer,Mobile
TN01433,ACN0314,2026-09-15,10632.72,SAR,Transfer,Mobile
TN01450,ACN0307,2026-09-15,10806.93,LBP,Transfer,Mobile
TN01453,ACN0235,2026-09-15,4171.41,USD,Transfer,Mobile
TN01464,ACN0211,2026-09-15,19754.9,USD,Deposit,Mobile
TN01478,ACN0591,2026-09-15,-1065.99,QAR,Withdrawal,Branch
TN01529,ACN0293,2026-09-15,23375.34,LBP,Transfer,Online
TN01590,ACN0556,2026-09-15,-17985.34,QAR,Withdrawal,Mobile
TN01598,ACN0589,2026-09-15,-12655.02,LBP,Payment,Mobile
TN01638,ACN0503,2026-09-15,24078.12,USD,Deposit,ATM
TN01645,ACN0426,2026-09-15,4020.57,USD,Deposit,ATM
TN01755,ACN0228,2026-09-15,10015.26,SAR,Deposit,Mobile
TN01771,ACN0552,2026-09-15,22880.15,USD,Transfer,ATM
TN01788,ACN0356,2026-09-15,1361.4,USD,Deposit,ATM
TN01831,ACN0572,2026-09-15,-16924.85,USD,Payment,Branch
TN01865,ACN0530,2026-09-15,17227.41,LBP,Deposit,Branch
TN01893,ACN0456,2026-09-15,1368.51,USD,Transfer,Mobile
TN01904,ACN0312,2026-09-15,324.88,USD,Transfer,Branch
TN01911,ACN0561,2026-09-15,13677.45,USD,Deposit,ATM
TN01912,ACN0248,2026-09-15,-12533.83,USD,Payment,Mobile
TN01934,ACN0475,2026-09-15,11771.72,USD,Transfer,ATM
TN01943,ACN0369,2026-09-15,17769.29,LBP,Transfer,Mobile
TN01945,ACN0153,2026-09-15,3297.39,USD,Deposit,ATM
TN00140,ACN0579,2026-09-16,14712.35,SAR,Deposit,Online
TN00191,ACN0142,2026-09-16,-18814.54,LBP,Payment,ATM
TN00243,ACN0296,2026-09-16,5740.67,LBP,Transfer,ATM
TN00256,ACN0005,2026-09-16,12527.48,USD,Deposit,ATM
TN00284,ACN0455,2026-09-16,12123.71,LBP,Deposit,Branch
TN00294,ACN0352,2026-09-16,-17941.72,USD,Withdrawal,Mobile
TN00330,ACN0222,2026-09-16,6949.35,USD,Transfer,Branch
TN00351,ACN0008,2026-09-16,17570.74,USD,Transfer,Online
TN00384,ACN0486,2026-09-16,-5065.94,USD,Payment,Branch
TN00389,ACN0063,2026-09-16,17351.21,SAR,Transfer,Mobile
TN00402,ACN0405,2026-09-16,5808.44,USD,Deposit,Branch
TN00409,ACN0010,2026-09-16,-2676.35,USD,Payment,Online
TN00439,ACN0058,2026-09-16,4608.67,USD,Deposit,Mobile
TN00495,ACN0132,2026-09-16,-9772.48,USD,Payment,Online
TN00566,ACN0496,2026-09-16,17150.89,USD,Deposit,Branch
TN00612,ACN0243,2026-09-16,22021.27,USD,Deposit,Mobile
TN00628,ACN0061,2026-09-16,13686.24,USD,Deposit,Mobile
TN00704,ACN0120,2026-09-16,-20094.95,USD,Payment,Mobile
TN00721,ACN0267,2026-09-16,-6722.56,LBP,Payment,Mobile
TN00727,ACN0383,2026-09-16,-5406.07,USD,Withdrawal,Branch
TN00759,ACN0208,2026-09-16,3827.5,LBP,Deposit,Branch
TN00771,ACN0196,2026-09-16,-4491.56,USD,Withdrawal,Branch
TN00783,ACN0198,2026-09-16,12548.11,LBP,Transfer,Branch
TN00849,ACN0024,2026-09-16,7111.51,USD,Transfer,ATM
TN00879,ACN0152,2026-09-16,6500.34,LBP,Transfer,Online
TN00961,ACN0433,2026-09-16,-3647.62,QAR,Withdrawal,Branch
TN00984,ACN0449,2026-09-16,3139.12,LBP,Deposit,Branch
TN01025,ACN0283,2026-09-16,23684.83,QAR,Transfer,ATM
TN01031,ACN0186,2026-09-16,23222.08,USD,Deposit,Branch
TN01053,ACN0585,2026-09-16,-16030.49,USD,Withdrawal,Branch
TN01070,ACN0248,2026-09-16,-9285.13,USD,Withdrawal,Mobile
TN01077,ACN0548,2026-09-16,18017.65,QAR,Deposit,ATM
TN01089,ACN0196,2026-09-16,23701.17,USD,Transfer,Mobile
TN01194,ACN0488,2026-09-16,2832.42,LBP,Deposit,Online
TN01233,ACN0119,2026-09-16,3497.35,USD,Deposit,Mobile
TN01262,ACN0474,2026-09-16,4351.92,SAR,Transfer,ATM
TN01308,ACN0461,2026-09-16,-19767.3,SAR,Payment,ATM
TN01356,ACN0332,2026-09-16,-20398.21,USD,Withdrawal,ATM
TN01404,ACN0431,2026-09-16,8345.0,USD,Deposit,Branch
TN01491,ACN0044,2026-09-16,19720.7,USD,Deposit,ATM
TN01499,ACN0323,2026-09-16,-3072.07,USD,Payment,Branch
TN01517,ACN0048,2026-09-16,-2417.71,USD,Withdrawal,Online
TN01532,ACN0566,2026-09-16,18992.18,USD,Transfer,Mobile
TN01540,ACN0222,2026-09-16,-23576.93,USD,Withdrawal,Mobile
TN01639,ACN0460,2026-09-16,-19724.91,LBP,Payment,Mobile
TN01644,ACN0313,2026-09-16,1493.43,USD,Transfer,Mobile
TN01655,ACN0422,2026-09-16,-23884.44,LBP,Payment,ATM
TN01798,ACN0055,2026-09-16,6295.69,USD,Deposit,Mobile
TN01799,ACN0234,2026-09-16,-17416.93,LBP,Withdrawal,Mobile
TN01861,ACN0001,2026-09-16,471.18,QAR,Transfer,ATM
TN01890,ACN0044,2026-09-16,-17501.93,USD,Withdrawal,Online
TN01930,ACN0173,2026-09-16,19885.64,LBP,Deposit,Branch
TN01933,ACN0381,2026-09-16,-13774.02,USD,Withdrawal,ATM
TN01942,ACN0499,2026-09-16,-16377.75,USD,Payment,Branch
TN01987,ACN0019,2026-09-16,16147.5,SAR,Deposit,Online
TN01988,ACN0146,2026-09-16,-2003.43,USD,Payment,Branch
TN00034,ACN0275,2026-09-17,10588.3,LBP,Transfer,ATM
TN00071,ACN0161,2026-09-17,17709.92,SAR,Transfer,Mobile
TN00077,ACN0371,2026-09-17,-11075.62,USD,Payment,Branch
TN00095,ACN0539,2026-09-17,-13983.03,SAR,Withdrawal,ATM
TN00144,ACN0531,2026-09-17,-9049.57,LBP,Withdrawal,Branch
TN00160,ACN0367,2026-09-17,-22132.84,QAR,Withdrawal,ATM
TN00190,ACN0338,2026-09-17,18635.38,SAR,Deposit,ATM
TN00193,ACN0013,2026-09-17,-12825.92,SAR,Withdrawal,Online
TN00216,ACN0567,2026-09-17,9230.93,SAR,Deposit,ATM
TN00239,ACN0128,2026-09-17,-18453.07,USD,Withdrawal,Branch
TN00242,ACN0138,2026-09-17,16097.18,QAR,Deposit,Mobile
TN00259,ACN0447,2026-09-17,-19286.33,USD,Payment,Mobile
TN00289,ACN0554,2026-09-17,5306.79,USD,Deposit,Mobile
TN00293,ACN0341,2026-09-17,-23295.86,USD,Payment,Branch
TN00324,ACN0166,2026-09-17,6433.88,USD,Deposit,Mobile
TN00422,ACN0093,2026-09-17,-3205.84,USD,Withdrawal,ATM
TN00510,ACN0031,2026-09-17,-12959.51,USD,Withdrawal,Online
TN00560,ACN0271,2026-09-17,-4284.71,USD,Payment,Mobile
TN00608,ACN0185,2026-09-17,23186.76,LBP,Transfer,ATM
TN00611,ACN0488,2026-09-17,-5803.73,LBP,Withdrawal,Mobile
TN00633,ACN0234,2026-09-17,1402.81,LBP,Deposit,Branch
TN00651,ACN0054,2026-09-17,802.03,LBP,Transfer,Branch
TN00673,ACN0034,2026-09-17,3768.87,USD,Transfer,Branch
TN00683,ACN0152,2026-09-17,15823.09,LBP,Transfer,Branch
TN00690,ACN0461,2026-09-17,10903.54,USD,Transfer,Branch
TN00695,ACN0437,2026-09-17,9614.01,USD,Deposit,Branch
TN00737,ACN0509,2026-09-17,23787.41,LBP,Transfer,Branch
TN00738,ACN0230,2026-09-17,641.8,USD,Transfer,ATM
TN00805,ACN0537,2026-09-17,24311.25,SAR,Deposit,Mobile
TN00806,ACN0056,2026-09-17,-7745.65,SAR,Payment,Mobile
TN00814,ACN0028,2026-09-17,15220.89,USD,Deposit,ATM
TN00815,ACN0514,2026-09-17,15271.95,QAR,Transfer,Branch
TN00856,ACN0296,2026-09-17,20750.06,LBP,Deposit,Branch
TN00873,ACN0076,2026-09-17,-17732.89,SAR,Withdrawal,ATM
TN00905,ACN0486,2026-09-17,19722.94,USD,Transfer,ATM
TN00913,ACN0482,2026-09-17,-23668.77,USD,Payment,Mobile
TN00919,ACN0322,2026-09-17,-9043.52,USD,Payment,Online
TN00938,ACN0458,2026-09-17,-4981.97,USD,Withdrawal,Mobile
TN01007,ACN0519,2026-09-17,14020.92,USD,Transfer,Branch
TN01048,ACN0589,2026-09-17,13051.39,LBP,Transfer,ATM
TN01104,ACN0391,2026-09-17,-11932.46,SAR,Withdrawal,Online
TN01127,ACN0078,2026-09-17,21218.44,USD,Deposit,Branch
TN01166,ACN0036,2026-09-17,8113.87,USD,Transfer,Online
TN01174,ACN0141,2026-09-17,-8087.3,USD,Withdrawal,ATM
TN01204,ACN0412,2026-09-17,-24588.15,LBP,Withdrawal,Mobile
TN01215,ACN0074,2026-09-17,7677.77,QAR,Transfer,Mobile
TN01295,ACN0201,2026-09-17,1944.65,LBP,Transfer,Mobile
TN01318,ACN0444,2026-09-17,923.17,USD,Transfer,Mobile
TN01360,ACN0208,2026-09-17,10458.4,SAR,Transfer,Mobile
TN01361,ACN0382,2026-09-17,-2632.84,USD,Withdrawal,Mobile
TN01379,ACN0004,2026-09-17,-1668.24,USD,Payment,Online
TN01385,ACN0548,2026-09-17,24778.02,QAR,Deposit,Branch
TN01472,ACN0489,2026-09-17,13065.11,LBP,Deposit,Mobile
TN01494,ACN0544,2026-09-17,-22952.92,USD,Withdrawal,Branch
TN01542,ACN0533,2026-09-17,22428.7,SAR,Deposit,Mobile
TN01593,ACN0559,2026-09-17,-24061.5,LBP,Withdrawal,Mobile
TN01681,ACN0352,2026-09-17,23139.76,USD,Transfer,ATM
TN01701,ACN0067,2026-09-17,-14761.27,SAR,Withdrawal,ATM
TN01805,ACN0459,2026-09-17,13440.93,USD,Deposit,Online
TN01878,ACN0085,2026-09-17,19267.4,SAR,Deposit,ATM
TN01897,ACN0061,2026-09-17,21501.09,USD,Deposit,Online
TN01918,ACN0192,2026-09-17,14325.6,LBP,Transfer,ATM
TN01932,ACN0375,2026-09-17,10854.7,QAR,Transfer,ATM
TN01935,ACN0530,2026-09-17,1277.59,LBP,Deposit,ATM
TN01976,ACN0403,2026-09-17,-18208.77,USD,Withdrawal,Online
TN01986,ACN0464,2026-09-17,5515.87,USD,Transfer,Branch
TN00028,ACN0583,2026-09-18,21584.71,LBP,Deposit,ATM
TN00043,ACN0466,2026-09-18,11259.7,USD,Transfer,Online
TN00066,ACN0230,2026-09-18,-24841.7,USD,Withdrawal,Branch
TN00083,ACN0453,2026-09-18,22194.12,QAR,Transfer,Mobile
TN00091,ACN0240,2026-09-18,-7127.7,LBP,Withdrawal,Mobile
TN00106,ACN0153,2026-09-18,-8143.9,USD,Payment,Mobile
TN00121,ACN0104,2026-09-18,13876.59,QAR,Deposit,ATM
TN00228,ACN0065,2026-09-18,22059.51,USD,Deposit,Mobile
TN00279,ACN0059,2026-09-18,-21829.47,QAR,Payment,Online
TN00326,ACN0048,2026-09-18,-12995.69,USD,Payment,Mobile
TN00366,ACN0122,2026-09-18,-13762.09,USD,Withdrawal,Branch
TN00455,ACN0317,2026-09-18,-24224.3,LBP,Withdrawal,Mobile
TN00489,ACN0481,2026-09-18,-8778.33,USD,Payment,ATM
TN00492,ACN0425,2026-09-18,675.65,USD,Deposit,Mobile
TN00514,ACN0288,2026-09-18,-2590.31,LBP,Payment,ATM
TN00527,ACN0591,2026-09-18,465.55,LBP,Deposit,Online
TN00529,ACN0017,2026-09-18,2396.09,LBP,Deposit,ATM
TN00563,ACN0151,2026-09-18,2517.81,LBP,Transfer,Mobile
TN00606,ACN0577,2026-09-18,-17885.25,SAR,Withdrawal,Online
TN00652,ACN0345,2026-09-18,-22688.09,USD,Payment,ATM
TN00700,ACN0041,2026-09-18,-13504.95,SAR,Payment,Mobile
TN00768,ACN0448,2026-09-18,12262.54,USD,Transfer,Branch
TN00794,ACN0445,2026-09-18,-20276.49,USD,Withdrawal,ATM
TN00837,ACN0311,2026-09-18,13488.16,USD,Transfer,Mobile
TN00860,ACN0380,2026-09-18,15041.54,USD,Deposit,Mobile
TN00870,ACN0524,2026-09-18,11012.34,LBP,Transfer,Mobile
TN00877,ACN0451,2026-09-18,3877.94,USD,Transfer,Branch
TN00892,ACN0489,2026-09-18,-13432.6,USD,Withdrawal,Branch
TN00895,ACN0454,2026-09-18,4886.07,USD,Transfer,Mobile
TN00925,ACN0572,2026-09-18,13303.43,USD,Transfer,Online
TN00941,ACN0426,2026-09-18,24629.1,USD,Deposit,Mobile
TN00949,ACN0186,2026-09-18,-23125.36,USD,Withdrawal,Mobile
TN00998,ACN0337,2026-09-18,23018.33,QAR,Deposit,Mobile
TN01108,ACN0329,2026-09-18,19823.69,QAR,Deposit,Branch
TN01114,ACN0277,2026-09-18,8404.16,QAR,Transfer,Online
TN01139,ACN0153,2026-09-18,-368.48,USD,Withdrawal,Online
TN01182,ACN0210,2026-09-18,1060.67,LBP,Deposit,ATM
TN01239,ACN0383,2026-09-18,11957.44,USD,Transfer,Mobile
TN01241,ACN0401,2026-09-18,1518.65,SAR,Deposit,Mobile
TN01244,ACN0567,2026-09-18,13544.24,LBP,Transfer,Online
TN01322,ACN0200,2026-09-18,-4857.73,LBP,Withdrawal,Branch
TN01331,ACN0415,2026-09-18,14800.49,LBP,Deposit,Branch
TN01349,ACN0411,2026-09-18,-23263.82,USD,Withdrawal,ATM
TN01370,ACN0441,2026-09-18,1921.12,USD,Deposit,Mobile
TN01386,ACN0399,2026-09-18,10821.39,USD,Transfer,Mobile
TN01456,ACN0460,2026-09-18,-15281.5,LBP,Withdrawal,ATM
TN01481,ACN0190,2026-09-18,1536.58,USD,Deposit,Online
TN01652,ACN0469,2026-09-18,4974.06,USD,Transfer,ATM
TN01670,ACN0063,2026-09-18,23065.23,SAR,Transfer,Mobile
TN01704,ACN0527,2026-09-18,5196.34,LBP,Deposit,Mobile
TN01714,ACN0206,2026-09-18,3931.48,LBP,Transfer,ATM
TN01746,ACN0121,2026-09-18,19765.96,QAR,Deposit,Branch
TN01769,ACN0424,2026-09-18,-24882.0,USD,Withdrawal,ATM
TN01834,ACN0088,2026-09-18,18882.83,USD,Transfer,ATM
TN01867,ACN0383,2026-09-18,1666.46,USD,Deposit,Mobile
TN01874,ACN0301,2026-09-18,16153.58,LBP,Deposit,Mobile
TN01896,ACN0139,2026-09-18,22529.9,USD,Deposit,Mobile
TN01973,ACN0578,2026-09-18,12494.5,LBP,Transfer,Mobile
TN01990,ACN0181,2026-09-18,-22647.97,LBP,Withdrawal,ATM
TN00048,ACN0129,2026-09-19,4786.24,LBP,Deposit,Online
TN00072,ACN0102,2026-09-19,9106.15,LBP,Deposit,ATM
TN00073,ACN0426,2026-09-19,184.56,USD,Transfer,ATM
TN00102,ACN0313,2026-09-19,-5405.22,LBP,Payment,Branch
TN00133,ACN0080,2026-09-19,-22316.45,USD,Withdrawal,Mobile
TN00229,ACN0172,2026-09-19,12822.25,USD,Deposit,Mobile
TN00247,ACN0129,2026-09-19,14823.91,USD,Deposit,ATM
TN00261,ACN0253,2026-09-19,882.0,USD,Deposit,Mobile
TN00367,ACN0410,2026-09-19,-23090.56,USD,Withdrawal,Branch
TN00431,ACN0109,2026-09-19,1862.78,USD,Transfer,Branch
TN00462,ACN0059,2026-09-19,6135.52,USD,Transfer,Branch
TN00482,ACN0467,2026-09-19,-8806.19,USD,Withdrawal,Mobile
TN00562,ACN0018,2026-09-19,24760.52,USD,Transfer,Mobile
TN00595,ACN0254,2026-09-19,11854.09,USD,Deposit,ATM
TN00691,ACN0188,2026-09-19,14747.16,USD,Transfer,Branch
TN00699,ACN0286,2026-09-19,5186.94,USD,Deposit,Branch
TN00767,ACN0220,2026-09-19,-23638.34,USD,Payment,Branch
TN00782,ACN0015,2026-09-19,-10091.26,LBP,Payment,Branch
TN00790,ACN0144,2026-09-19,10361.29,SAR,Transfer,Online
TN00832,ACN0470,2026-09-19,6117.64,USD,Transfer,Online
TN00868,ACN0547,2026-09-19,10974.26,USD,Transfer,ATM
TN00890,ACN0285,2026-09-19,4766.55,LBP,Deposit,Online
TN00943,ACN0103,2026-09-19,-23644.38,SAR,Withdrawal,ATM
TN00950,ACN0314,2026-09-19,-9342.14,SAR,Withdrawal,ATM
TN00969,ACN0130,2026-09-19,24377.7,SAR,Deposit,Branch
TN00993,ACN0392,2026-09-19,2712.79,LBP,Deposit,Online
TN01059,ACN0339,2026-09-19,-24677.4,USD,Payment,Online
TN01062,ACN0280,2026-09-19,-275.48,USD,Withdrawal,ATM
TN01209,ACN0211,2026-09-19,9920.83,USD,Transfer,Branch
TN01211,ACN0343,2026-09-19,-8150.67,USD,Withdrawal,Mobile
TN01246,ACN0169,2026-09-19,18840.28,USD,Deposit,Online
TN01263,ACN0253,2026-09-19,19752.83,USD,Deposit,Online
TN01327,ACN0591,2026-09-19,22231.47,LBP,Transfer,Mobile
TN01328,ACN0335,2026-09-19,-16700.44,USD,Withdrawal,Mobile
TN01344,ACN0197,2026-09-19,22428.46,USD,Transfer,Branch
TN01345,ACN0299,2026-09-19,13161.67,USD,Transfer,Branch
TN01369,ACN0544,2026-09-19,5560.59,USD,Deposit,ATM
TN01388,ACN0069,2026-09-19,-18621.39,LBP,Payment,Online
TN01391,ACN0382,2026-09-19,10400.03,SAR,Transfer,Online
TN01414,ACN0260,2026-09-19,14423.87,USD,Transfer,Branch
TN01457,ACN0220,2026-09-19,-19961.59,QAR,Payment,ATM
TN01489,ACN0258,2026-09-19,21838.64,USD,Deposit,Online
TN01515,ACN0549,2026-09-19,-18683.69,USD,Withdrawal,Branch
TN01523,ACN0147,2026-09-19,24598.32,USD,Transfer,Mobile
TN01570,ACN0406,2026-09-19,1094.17,SAR,Deposit,ATM
TN01574,ACN0504,2026-09-19,-14733.05,USD,Payment,Mobile
TN01664,ACN0116,2026-09-19,17703.81,LBP,Deposit,Mobile
TN01720,ACN0557,2026-09-19,13809.83,LBP,Transfer,Mobile
TN01729,ACN0457,2026-09-19,1693.55,USD,Transfer,Branch
TN01741,ACN0328,2026-09-19,-2360.55,USD,Withdrawal,Branch
TN01743,ACN0162,2026-09-19,-12502.11,USD,Withdrawal,Mobile
TN01762,ACN0524,2026-09-19,8324.62,USD,Deposit,Online
TN01800,ACN0050,2026-09-19,-8771.85,LBP,Withdrawal,ATM
TN01808,ACN0569,2026-09-19,-17133.37,QAR,Withdrawal,ATM
TN01837,ACN0414,2026-09-19,-107.64,LBP,Payment,Online
TN01855,ACN0077,2026-09-19,16830.9,USD,Deposit,Branch
TN01870,ACN0045,2026-09-19,5700.77,LBP,Transfer,ATM
TN01881,ACN0449,2026-09-19,19103.24,LBP,Deposit,Online
TN00020,ACN0575,2026-09-20,-12334.85,USD,Withdrawal,Branch
TN00061,ACN0369,2026-09-20,19997.88,LBP,Transfer,ATM
TN00143,ACN0054,2026-09-20,-8088.52,LBP,Payment,ATM
TN00177,ACN0048,2026-09-20,14691.4,USD,Transfer,Mobile
TN00197,ACN0572,2026-09-20,3490.98,USD,Deposit,Mobile
TN00212,ACN0305,2026-09-20,-20589.27,USD,Withdrawal,ATM
TN00267,ACN0422,2026-09-20,23109.53,SAR,Transfer,Mobile
TN00300,ACN0228,2026-09-20,249.53,SAR,Deposit,Branch
TN00311,ACN0590,2026-09-20,19641.77,QAR,Deposit,Mobile
TN00355,ACN0256,2026-09-20,21272.41,SAR,Transfer,Mobile
TN00373,ACN0515,2026-09-20,4732.95,USD,Transfer,Mobile
TN00375,ACN0437,2026-09-20,5007.09,QAR,Deposit,Mobile
TN00428,ACN0143,2026-09-20,3620.62,SAR,Deposit,Online
TN00442,ACN0107,2026-09-20,15087.69,SAR,Deposit,ATM
TN00459,ACN0373,2026-09-20,-10035.46,USD,Payment,Mobile
TN00481,ACN0310,2026-09-20,-12562.09,QAR,Payment,Mobile
TN00484,ACN0167,2026-09-20,-9551.45,USD,Withdrawal,Mobile
TN00624,ACN0258,2026-09-20,-8960.47,USD,Withdrawal,Online
TN00686,ACN0171,2026-09-20,-3326.8,USD,Payment,ATM
TN00708,ACN0009,2026-09-20,14666.86,USD,Deposit,Mobile
TN00719,ACN0298,2026-09-20,5393.35,SAR,Deposit,Branch
TN00757,ACN0198,2026-09-20,20522.45,LBP,Deposit,Mobile
TN00769,ACN0446,2026-09-20,4466.75,USD,Transfer,Mobile
TN00776,ACN0466,2026-09-20,-11846.74,USD,Withdrawal,Mobile
TN00850,ACN0551,2026-09-20,15185.9,QAR,Deposit,ATM
TN00866,ACN0417,2026-09-20,-24888.45,LBP,Payment,Mobile
TN00881,ACN0514,2026-09-20,-9371.58,QAR,Withdrawal,Mobile
TN00930,ACN0231,2026-09-20,-3779.36,LBP,Withdrawal,Mobile
TN00937,ACN0385,2026-09-20,21690.97,USD,Deposit,ATM
TN01028,ACN0553,2026-09-20,-14680.07,USD,Payment,Mobile
TN01040,ACN0588,2026-09-20,11028.63,USD,Deposit,Branch
TN01066,ACN0408,2026-09-20,7175.25,USD,Deposit,Branch
TN01120,ACN0073,2026-09-20,15660.64,LBP,Deposit,Mobile
TN01147,ACN0350,2026-09-20,20181.96,QAR,Transfer,Branch
TN01225,ACN0331,2026-09-20,-19433.55,SAR,Withdrawal,Mobile
TN01226,ACN0098,2026-09-20,3227.04,USD,Deposit,Branch
TN01254,ACN0482,2026-09-20,-9664.62,USD,Withdrawal,Mobile
TN01288,ACN0267,2026-09-20,-4230.17,LBP,Withdrawal,Mobile
TN01313,ACN0525,2026-09-20,1032.3,USD,Transfer,Branch
TN01326,ACN0351,2026-09-20,24486.86,USD,Transfer,Online
TN01339,ACN0164,2026-09-20,14844.28,USD,Transfer,Branch
TN01357,ACN0323,2026-09-20,-18792.82,USD,Payment,Branch
TN01362,ACN0217,2026-09-20,17015.29,USD,Deposit,Mobile
TN01371,ACN0560,2026-09-20,-428.26,LBP,Payment,Mobile
TN01412,ACN0593,2026-09-20,6240.79,USD,Deposit,Mobile
TN01418,ACN0151,2026-09-20,19644.23,LBP,Transfer,Online
TN01420,ACN0150,2026-09-20,8842.39,SAR,Deposit,Online
TN01459,ACN0236,2026-09-20,13347.9,QAR,Transfer,ATM
TN01483,ACN0268,2026-09-20,6481.37,LBP,Transfer,Mobile
TN01497,ACN0297,2026-09-20,1456.94,LBP,Transfer,ATM
TN01581,ACN0415,2026-09-20,-20193.99,LBP,Withdrawal,ATM
TN01606,ACN0137,2026-09-20,18489.23,USD,Transfer,ATM
TN01620,ACN0220,2026-09-20,11906.87,USD,Transfer,Branch
TN01625,ACN0007,2026-09-20,3261.8,USD,Deposit,Mobile
TN01627,ACN0439,2026-09-20,-23889.54,USD,Withdrawal,Mobile
TN01628,ACN0461,2026-09-20,-7002.86,USD,Withdrawal,Mobile
TN01640,ACN0154,2026-09-20,3260.82,USD,Transfer,Mobile
TN01666,ACN0374,2026-09-20,-19768.83,LBP,Withdrawal,Branch
TN01764,ACN0100,2026-09-20,-16264.14,USD,Withdrawal,ATM
TN01765,ACN0029,2026-09-20,10421.44,QAR,Transfer,Online
TN01792,ACN0103,2026-09-20,22769.76,LBP,Deposit,Online
TN01809,ACN0013,2026-09-20,1538.24,QAR,Transfer,Online
TN01812,ACN0236,2026-09-20,-315.15,LBP,Payment,Mobile
TN01827,ACN0581,2026-09-20,4326.61,LBP,Deposit,Branch
TN01860,ACN0003,2026-09-20,3555.57,USD,Transfer,Mobile
TN01882,ACN0156,2026-09-20,-1530.68,LBP,Withdrawal,Mobile
TN01898,ACN0081,2026-09-20,-8444.77,LBP,Withdrawal,Branch
TN01936,ACN0548,2026-09-20,17490.12,QAR,Transfer,Mobile
TN01952,ACN0306,2026-09-20,-15210.8,LBP,Withdrawal,Mobile
TN01972,ACN0383,2026-09-20,-6691.56,USD,Payment,Mobile
TN00032,ACN0443,2026-09-21,23044.06,USD,Transfer,Branch
TN00057,ACN0066,2026-09-21,16214.54,USD,Deposit,Mobile
TN00080,ACN0533,2026-09-21,-10494.25,USD,Payment,Mobile
TN00110,ACN0535,2026-09-21,11906.38,LBP,Deposit,Online
TN00142,ACN0546,2026-09-21,17023.4,LBP,Transfer,Online
TN00180,ACN0067,2026-09-21,9715.13,SAR,Deposit,Mobile
TN00188,ACN0240,2026-09-21,1915.69,USD,Deposit,Mobile
TN00210,ACN0253,2026-09-21,-22759.36,USD,Withdrawal,Mobile
TN00211,ACN0041,2026-09-21,7212.04,SAR,Transfer,ATM
TN00223,ACN0367,2026-09-21,17866.02,USD,Deposit,ATM
TN00236,ACN0137,2026-09-21,-15891.13,USD,Withdrawal,Online
TN00266,ACN0310,2026-09-21,-13339.37,QAR,Withdrawal,ATM
TN00288,ACN0562,2026-09-21,-11680.74,SAR,Payment,Branch
TN00385,ACN0429,2026-09-21,6328.09,QAR,Transfer,Mobile
TN00392,ACN0586,2026-09-21,17424.11,USD,Deposit,Mobile
TN00397,ACN0378,2026-09-21,-23661.77,LBP,Withdrawal,Mobile
TN00414,ACN0362,2026-09-21,5662.59,USD,Transfer,Mobile
TN00418,ACN0309,2026-09-21,7189.4,QAR,Transfer,Mobile
TN00461,ACN0424,2026-09-21,-6585.43,USD,Withdrawal,Branch
TN00472,ACN0266,2026-09-21,1362.48,USD,Deposit,ATM
TN00485,ACN0291,2026-09-21,23448.78,LBP,Transfer,Online
TN00506,ACN0079,2026-09-21,10509.28,USD,Deposit,Online
TN00515,ACN0211,2026-09-21,-12206.04,USD,Payment,Mobile
TN00538,ACN0327,2026-09-21,-18830.81,SAR,Payment,Online
TN00555,ACN0403,2026-09-21,18353.43,USD,Deposit,Mobile
TN00569,ACN0387,2026-09-21,24137.02,USD,Transfer,Mobile
TN00581,ACN0319,2026-09-21,10906.69,USD,Deposit,Mobile
TN00626,ACN0409,2026-09-21,13657.62,QAR,Transfer,Online
TN00644,ACN0555,2026-09-21,-1368.86,QAR,Withdrawal,Online
TN00694,ACN0506,2026-09-21,-14112.0,USD,Withdrawal,Mobile
TN00696,ACN0216,2026-09-21,-6970.84,USD,Withdrawal,Branch
TN00713,ACN0496,2026-09-21,-23859.29,USD,Withdrawal,ATM
TN00777,ACN0107,2026-09-21,740.35,SAR,Deposit,Mobile
TN00788,ACN0223,2026-09-21,11519.52,LBP,Transfer,ATM
TN00799,ACN0432,2026-09-21,-8430.06,SAR,Withdrawal,ATM
TN00927,ACN0442,2026-09-21,11653.56,LBP,Transfer,Mobile
TN00944,ACN0087,2026-09-21,20258.03,SAR,Transfer,Online
TN00954,ACN0488,2026-09-21,-10388.62,LBP,Withdrawal,Branch
TN00955,ACN0001,2026-09-21,-11747.78,USD,Withdrawal,ATM
TN00966,ACN0527,2026-09-21,-8444.62,LBP,Payment,ATM
TN00989,ACN0287,2026-09-21,18316.42,USD,Transfer,Mobile
TN01010,ACN0107,2026-09-21,18412.33,SAR,Transfer,ATM
TN01027,ACN0312,2026-09-21,-14255.04,USD,Withdrawal,ATM
TN01061,ACN0433,2026-09-21,17760.11,QAR,Transfer,ATM
TN01150,ACN0592,2026-09-21,17464.27,SAR,Transfer,Mobile
TN01236,ACN0433,2026-09-21,2199.33,QAR,Deposit,ATM
TN01284,ACN0298,2026-09-21,-9498.51,SAR,Payment,Branch
TN01340,ACN0009,2026-09-21,10724.99,LBP,Deposit,Online
TN01426,ACN0277,2026-09-21,5529.73,LBP,Deposit,Mobile
TN01454,ACN0544,2026-09-21,-23302.67,USD,Payment,Mobile
TN01518,ACN0198,2026-09-21,-1403.58,LBP,Payment,ATM
TN01539,ACN0121,2026-09-21,-10454.24,QAR,Withdrawal,Branch
TN01550,ACN0319,2026-09-21,6812.1,USD,Transfer,Mobile
TN01577,ACN0238,2026-09-21,-13493.21,LBP,Payment,Mobile
TN01601,ACN0244,2026-09-21,-17393.63,SAR,Withdrawal,Mobile
TN01615,ACN0199,2026-09-21,-15587.04,USD,Withdrawal,Mobile
TN01629,ACN0346,2026-09-21,-24579.19,SAR,Withdrawal,Mobile
TN01643,ACN0065,2026-09-21,15172.35,USD,Deposit,Branch
TN01683,ACN0014,2026-09-21,11394.47,USD,Transfer,ATM
TN01737,ACN0073,2026-09-21,-23203.33,LBP,Payment,Mobile
TN01738,ACN0165,2026-09-21,11293.26,USD,Transfer,Mobile
TN01820,ACN0541,2026-09-21,-3891.99,USD,Withdrawal,Mobile
TN01849,ACN0023,2026-09-21,-3334.87,LBP,Payment,Online
TN01872,ACN0016,2026-09-21,12107.0,LBP,Deposit,Online
TN01880,ACN0071,2026-09-21,-7433.31,USD,Withdrawal,Mobile
TN01905,ACN0285,2026-09-21,-23443.44,LBP,Withdrawal,Branch
TN01922,ACN0140,2026-09-21,182.25,USD,Transfer,Online
TN01947,ACN0134,2026-09-21,-10459.86,SAR,Withdrawal,ATM
TN01949,ACN0451,2026-09-21,-8909.36,USD,Withdrawal,Mobile
TN01957,ACN0403,2026-09-21,-18833.51,LBP,Withdrawal,Mobile
TN01984,ACN0558,2026-09-21,6210.35,SAR,Transfer,ATM
TN00023,ACN0539,2026-09-22,4530.61,QAR,Transfer,Mobile
TN00036,ACN0230,2026-09-22,17846.61,USD,Transfer,Mobile
TN00039,ACN0303,2026-09-22,13783.84,USD,Transfer,Mobile
TN00120,ACN0496,2026-09-22,15845.86,USD,Deposit,ATM
TN00123,ACN0252,2026-09-22,-10605.34,USD,Withdrawal,Branch
TN00204,ACN0501,2026-09-22,4990.99,SAR,Deposit,ATM
TN00234,ACN0105,2026-09-22,19785.67,USD,Transfer,Branch
TN00237,ACN0494,2026-09-22,460.87,USD,Deposit,ATM
TN00258,ACN0073,2026-09-22,-989.9,LBP,Withdrawal,Branch
TN00264,ACN0120,2026-09-22,16117.05,USD,Transfer,Mobile
TN00299,ACN0328,2026-09-22,19942.0,USD,Transfer,Mobile
TN00338,ACN0228,2026-09-22,-2642.97,SAR,Withdrawal,Mobile
TN00348,ACN0059,2026-09-22,7160.55,USD,Deposit,Online
TN00387,ACN0447,2026-09-22,10486.72,USD,Deposit,Mobile
TN00416,ACN0342,2026-09-22,23084.52,USD,Deposit,Mobile
TN00427,ACN0372,2026-09-22,23941.24,SAR,Transfer,ATM
TN00474,ACN0165,2026-09-22,-10930.86,USD,Payment,ATM
TN00476,ACN0325,2026-09-22,22414.6,SAR,Deposit,Branch
TN00486,ACN0107,2026-09-22,430.33,SAR,Deposit,Mobile
TN00491,ACN0271,2026-09-22,-22568.77,USD,Withdrawal,ATM
TN00499,ACN0157,2026-09-22,17695.25,LBP,Deposit,Mobile
TN00503,ACN0594,2026-09-22,-2791.07,USD,Payment,Branch
TN00513,ACN0508,2026-09-22,-23659.71,USD,Withdrawal,Branch
TN00545,ACN0517,2026-09-22,3268.91,QAR,Deposit,Online
TN00579,ACN0083,2026-09-22,822.77,USD,Deposit,Mobile
TN00593,ACN0159,2026-09-22,-7786.05,QAR,Withdrawal,Mobile
TN00614,ACN0384,2026-09-22,21020.17,LBP,Transfer,Branch
TN00619,ACN0349,2026-09-22,18254.83,LBP,Deposit,Mobile
TN00702,ACN0534,2026-09-22,11357.16,USD,Deposit,ATM
TN00706,ACN0076,2026-09-22,7883.95,USD,Transfer,Online
TN00775,ACN0586,2026-09-22,21582.37,USD,Transfer,Mobile
TN00810,ACN0564,2026-09-22,17475.52,USD,Transfer,ATM
TN00825,ACN0082,2026-09-22,8441.15,USD,Deposit,ATM
TN00838,ACN0384,2026-09-22,5395.93,LBP,Transfer,Mobile
TN00884,ACN0202,2026-09-22,-11493.86,USD,Withdrawal,Branch
TN00915,ACN0351,2026-09-22,9248.83,USD,Deposit,Mobile
TN01080,ACN0559,2026-09-22,16228.59,LBP,Deposit,Mobile
TN01099,ACN0315,2026-09-22,9086.24,SAR,Transfer,Online
TN01107,ACN0139,2026-09-22,16940.78,LBP,Transfer,Online
TN01116,ACN0198,2026-09-22,-6681.48,LBP,Withdrawal,Mobile
TN01171,ACN0213,2026-09-22,-2898.92,LBP,Withdrawal,ATM
TN01178,ACN0407,2026-09-22,13415.02,USD,Deposit,Mobile
TN01192,ACN0123,2026-09-22,-6582.89,LBP,Withdrawal,Online
TN01207,ACN0169,2026-09-22,-8599.47,USD,Payment,Mobile
TN01237,ACN0411,2026-09-22,-6095.93,USD,Withdrawal,Branch
TN01258,ACN0234,2026-09-22,-22647.15,LBP,Withdrawal,Branch
TN01319,ACN0519,2026-09-22,24203.87,USD,Deposit,ATM
TN01337,ACN0242,2026-09-22,-24945.01,QAR,Withdrawal,Mobile
TN01366,ACN0065,2026-09-22,-21958.29,USD,Withdrawal,Online
TN01444,ACN0103,2026-09-22,14580.32,LBP,Deposit,Branch
TN01492,ACN0192,2026-09-22,23981.28,USD,Deposit,Mobile
TN01507,ACN0563,2026-09-22,14937.97,QAR,Deposit,ATM
TN01514,ACN0346,2026-09-22,-2323.77,SAR,Withdrawal,Branch
TN01548,ACN0542,2026-09-22,-8434.58,USD,Withdrawal,ATM
TN01609,ACN0192,2026-09-22,-8460.44,USD,Withdrawal,Online
TN01616,ACN0591,2026-09-22,20813.28,LBP,Deposit,Mobile
TN01626,ACN0357,2026-09-22,-22256.83,SAR,Withdrawal,Mobile
TN01699,ACN0061,2026-09-22,15411.11,USD,Deposit,Online
TN01750,ACN0300,2026-09-22,22121.49,USD,Transfer,Mobile
TN01753,ACN0347,2026-09-22,3575.65,USD,Deposit,Mobile
TN01775,ACN0490,2026-09-22,-6174.98,QAR,Payment,Mobile
TN01858,ACN0271,2026-09-22,9173.7,SAR,Transfer,Mobile
TN01885,ACN0182,2026-09-22,-5711.73,QAR,Withdrawal,Online
TN01931,ACN0538,2026-09-22,13065.9,USD,Transfer,Branch
TN01937,ACN0385,2026-09-22,3881.24,USD,Transfer,Online
TN01974,ACN0275,2026-09-22,23569.68,LBP,Transfer,Online
TN00010,ACN0363,2026-09-23,-23484.26,USD,Payment,Mobile
TN00099,ACN0161,2026-09-23,-9245.91,QAR,Payment,Branch
TN00115,ACN0262,2026-09-23,3872.6,USD,Transfer,Branch
TN00117,ACN0423,2026-09-23,-6463.2,LBP,Payment,Branch
TN00167,ACN0219,2026-09-23,18369.96,LBP,Deposit,Mobile
TN00241,ACN0244,2026-09-23,-14959.92,USD,Payment,Online
TN00263,ACN0151,2026-09-23,15061.69,LBP,Deposit,Branch
TN00271,ACN0138,2026-09-23,4565.97,LBP,Deposit,Branch
TN00278,ACN0352,2026-09-23,-20424.84,USD,Payment,ATM
TN00325,ACN0373,2026-09-23,-4306.65,USD,Payment,ATM
TN00340,ACN0102,2026-09-23,-4285.27,SAR,Payment,Branch
TN00377,ACN0312,2026-09-23,9102.13,USD,Deposit,ATM
TN00430,ACN0147,2026-09-23,-678.15,USD,Withdrawal,Branch
TN00436,ACN0012,2026-09-23,-10602.05,USD,Withdrawal,Mobile
TN00438,ACN0279,2026-09-23,-13047.1,LBP,Payment,ATM
TN00445,ACN0496,2026-09-23,7878.22,USD,Deposit,Online
TN00460,ACN0452,2026-09-23,-21123.99,LBP,Withdrawal,Branch
TN00512,ACN0130,2026-09-23,12049.74,SAR,Deposit,Mobile
TN00592,ACN0210,2026-09-23,-14059.99,USD,Withdrawal,ATM
TN00603,ACN0456,2026-09-23,22678.32,QAR,Deposit,ATM
TN00629,ACN0064,2026-09-23,1841.34,USD,Deposit,Mobile
TN00654,ACN0059,2026-09-23,13841.29,USD,Transfer,Mobile
TN00661,ACN0570,2026-09-23,1483.45,SAR,Deposit,Online
TN00672,ACN0521,2026-09-23,17826.75,LBP,Transfer,Mobile
TN00689,ACN0047,2026-09-23,23019.68,LBP,Deposit,ATM
TN00693,ACN0181,2026-09-23,-14710.26,LBP,Withdrawal,ATM
TN00701,ACN0027,2026-09-23,-7060.3,LBP,Withdrawal,Mobile
TN00715,ACN0493,2026-09-23,5488.88,USD,Deposit,Mobile
TN00740,ACN0098,2026-09-23,5207.89,USD,Transfer,ATM
TN00787,ACN0089,2026-09-23,14786.89,LBP,Deposit,Mobile
TN00835,ACN0310,2026-09-23,-579.14,QAR,Withdrawal,Mobile
TN00923,ACN0017,2026-09-23,24891.45,LBP,Transfer,Mobile
TN00936,ACN0364,2026-09-23,21943.39,USD,Deposit,Mobile
TN00948,ACN0430,2026-09-23,23408.56,USD,Deposit,Mobile
TN00970,ACN0356,2026-09-23,-10915.38,LBP,Withdrawal,ATM
TN00973,ACN0546,2026-09-23,-5775.98,LBP,Withdrawal,Branch
TN00996,ACN0472,2026-09-23,13078.68,USD,Transfer,Mobile
TN01018,ACN0241,2026-09-23,-8939.71,SAR,Withdrawal,ATM
TN01038,ACN0582,2026-09-23,21486.78,USD,Transfer,Mobile
TN01044,ACN0562,2026-09-23,19605.88,USD,Transfer,ATM
TN01072,ACN0015,2026-09-23,-8546.86,LBP,Payment,Branch
TN01087,ACN0428,2026-09-23,-11318.75,QAR,Withdrawal,ATM
TN01115,ACN0435,2026-09-23,-8566.37,USD,Withdrawal,ATM
TN01133,ACN0371,2026-09-23,15145.56,SAR,Transfer,Mobile
TN01148,ACN0458,2026-09-23,-6167.82,USD,Withdrawal,ATM
TN01193,ACN0210,2026-09-23,15925.01,USD,Deposit,Branch
TN01205,ACN0507,2026-09-23,10207.49,USD,Transfer,Mobile
TN01395,ACN0301,2026-09-23,2682.22,LBP,Deposit,Online
TN01416,ACN0405,2026-09-23,5469.03,USD,Deposit,Mobile
TN01480,ACN0018,2026-09-23,19469.77,USD,Transfer,Online
TN01503,ACN0417,2026-09-23,-18089.55,QAR,Payment,Mobile
TN01504,ACN0336,2026-09-23,-2400.79,USD,Payment,ATM
TN01520,ACN0329,2026-09-23,-5337.08,USD,Payment,ATM
TN01589,ACN0039,2026-09-23,-19963.66,LBP,Payment,Mobile
TN01596,ACN0463,2026-09-23,19510.59,USD,Deposit,Mobile
TN01607,ACN0228,2026-09-23,-4880.3,SAR,Payment,Mobile
TN01613,ACN0502,2026-09-23,-23907.35,LBP,Withdrawal,ATM
TN01631,ACN0295,2026-09-23,3239.84,USD,Deposit,Branch
TN01641,ACN0172,2026-09-23,-7212.07,USD,Payment,Mobile
TN01651,ACN0563,2026-09-23,-17962.86,QAR,Payment,Branch
TN01653,ACN0579,2026-09-23,24166.17,LBP,Transfer,Branch
TN01657,ACN0171,2026-09-23,-9105.03,USD,Withdrawal,Mobile
TN01767,ACN0560,2026-09-23,13676.68,LBP,Transfer,Branch
TN01770,ACN0190,2026-09-23,-15672.22,USD,Payment,ATM
TN01795,ACN0082,2026-09-23,14896.2,USD,Deposit,Online
TN01802,ACN0260,2026-09-23,-18815.49,USD,Withdrawal,Branch
TN01856,ACN0095,2026-09-23,14813.67,SAR,Transfer,Branch
TN01900,ACN0348,2026-09-23,7077.34,USD,Deposit,Branch
